English,Thai
the,ที่
be,เป็น
and,และ
a,อัน
of,ของ
to,ถึง
in,ใน
i,ฉัน
you,คุณ
it,มัน
have,มี
to,ถึง
that,ที่
for,สำหรับ
do,ทำ
he,เขา
with,กับ
on,บน
this,นี้
n't,ไม่มี
we,เรา
that,ที่
not,ไม่
but,แต่
they,พวกเขา
say,พูด
at,ที่
what,อะไร
his,ของเขา
from,จาก
go,ไป
or,หรือ
by,โดย
get,รับ
she,เธอ
my,ของฉัน
can,สามารถ
as,เช่น
know,ทราบ
if,ถ้า
me,ฉัน
your,ของคุณ
all,ทั้งหมด
who,WHO
about,เกี่ยวกับ
their,ของพวกเขา
will,จะ
so,ดังนั้น
would,จะ
make,ทำ
just,แค่
up,ขึ้น
think,คิด
time,เวลา
there,ที่นั่น
see,ดู
her,ของเธอ
as,เช่น
out,ออก
one,หนึ่ง
come,มา
people,ประชากร
take,เอา
year,ปี
him,เขา
them,พวกเขา
some,บาง
want,ต้องการ
how,ยังไง
when,เมื่อไร
which,ที่
now,ตอนนี้
like,ชอบ
other,อื่น
could,สามารถ
our,ของเรา
into,เข้าไปข้างใน
here,ที่นี่
then,แล้ว
than,กว่า
look,ดู
way,ทาง
more,มากกว่า
these,เหล่านี้
no,เลขที่
thing,สิ่ง
well,ดี
because,เพราะ
also,อีกด้วย
two,สอง
use,ใช้
tell,บอก
good,ดี
first,อันดับแรก
man,ผู้ชาย
day,วัน
find,หา
give,ให้
more,มากกว่า
new,ใหม่
one,หนึ่ง
us,เรา
any,ใดๆ
those,เหล่านั้น
very,มาก
her,ของเธอ
need,ความต้องการ
back,กลับ
there,ที่นั่น
should,ควร
even,สม่ำเสมอ
only,เท่านั้น
many,มากมาย
really,จริงหรือ
work,งาน
life,ชีวิต
why,ทำไม
right,ขวา
down,ลง
on,บน
try,พยายาม
let,อนุญาต
something,บางสิ่งบางอย่าง
too,ด้วย
call,เรียก
woman,ผู้หญิง
may,อาจ
still,นิ่ง
through,ผ่าน
mean,หมายถึง
after,หลังจาก
never,ไม่เคย
no,เลขที่
world,โลก
in,ใน
feel,รู้สึก
yeah,ใช่
great,ยอดเยี่ยม
last,ล่าสุด
child,เด็ก
oh,โอ้
over,เกิน
ask,ถาม
when,เมื่อไร
as,เช่น
school,โรงเรียน
state,สถานะ
much,มาก
talk,พูดคุย
out,ออก
keep,เก็บ
leave,ออกจาก
put,ใส่
like,ชอบ
help,ช่วย
big,ใหญ่
where,ที่ไหน
same,เดียวกัน
all,ทั้งหมด
own,เป็นเจ้าของ
while,ในขณะที่
start,เริ่ม
three,สาม
high,สูง
every,ทั้งหมด
another,อื่น
become,กลายเป็น
most,ที่สุด
between,ระหว่าง
happen,เกิดขึ้น
family,ตระกูล
over,เกิน
president,ประธาน
old,เก่า
yes,ใช่
house,บ้าน
show,แสดง
again,อีกครั้ง
student,นักเรียน
so,ดังนั้น
seem,ดูเหมือน
might,อาจ
part,ส่วนหนึ่ง
hear,ได้ยิน
its,ของมัน
place,สถานที่
problem,ปัญหา
where,ที่ไหน
believe,เชื่อ
country,ประเทศ
always,เสมอ
week,สัปดาห์
point,จุด
hand,มือ
off,ปิด
play,เล่น
turn,เปลี่ยน
few,น้อย
group,กลุ่ม
such,เช่น
against,ขัดต่อ
run,วิ่ง
guy,ผู้ชาย
about,เกี่ยวกับ
case,กรณี
question,คำถาม
work,งาน
night,กลางคืน
live,สด
game,เกม
number,ตัวเลข
write,เขียน
bring,นำมา
without,ปราศจาก
money,เงิน
lot,มาก
most,ที่สุด
book,หนังสือ
system,ระบบ
government,รัฐบาล
next,ต่อไป
city,เมือง
company,บริษัท
story,เรื่องราว
today,วันนี้
job,งาน
move,เคลื่อนไหว
must,ต้อง
bad,แย่
friend,เพื่อน
during,ในระหว่าง
begin,เริ่ม
love,รัก
each,แต่ละ
hold,ถือ
different,แตกต่าง
american,เกี่ยวกับอเมริกา
little,เล็กน้อย
before,ก่อน
ever,เคย
word,คำ
fact,ข้อเท็จจริง
right,ขวา
read,อ่าน
anything,อะไรก็ตาม
nothing,ไม่มีอะไร
sure,แน่นอน
small,เล็ก
month,เดือน
program,โปรแกรม
maybe,อาจจะ
right,ขวา
under,ภายใต้
business,ธุรกิจ
home,บ้าน
kind,ใจดี
stop,หยุด
pay,จ่าย
study,ศึกษา
since,เนื่องจาก
issue,ปัญหา
name,ชื่อ
idea,ความคิด
room,ห้อง
percent,เปอร์เซ็นต์
far,ไกล
away,ห่างออกไป
law,กฎ
actually,จริงๆ แล้ว
large,ใหญ่
though,แม้ว่า
provide,จัดเตรียม
lose,สูญเสีย
power,พลัง
kid,เด็ก
war,สงคราม
understand,เข้าใจ
head,ศีรษะ
mother,แม่
real,จริง
best,ดีที่สุด
team,ทีม
eye,ดวงตา
long,ยาว
long,ยาว
side,ด้านข้าง
water,น้ำ
young,หนุ่มสาว
wait,รอ
okay,ตกลง
both,ทั้งคู่
yet,ยัง
after,หลังจาก
meet,พบปะ
service,บริการ
area,พื้นที่
important,สำคัญ
person,บุคคล
hey,เฮ้
thank,ขอบคุณ
much,มาก
someone,บางคน
end,จบ
change,เปลี่ยน
however,อย่างไรก็ตาม
only,เท่านั้น
around,รอบๆ
hour,ชั่วโมง
everything,ทุกอย่าง
national,ระดับชาติ
four,สี่
line,เส้น
girl,สาว
around,รอบๆ
watch,ดู
until,จนกระทั่ง
father,พ่อ
sit,นั่ง
create,สร้าง
information,ข้อมูล
car,รถ
learn,เรียนรู้
least,น้อยที่สุด
already,เรียบร้อยแล้ว
kill,ฆ่า
minute,นาที
party,งานสังสรรค์
include,รวม
stand,ยืน
together,ด้วยกัน
back,กลับ
follow,ติดตาม
health,สุขภาพ
remember,จดจำ
often,บ่อยครั้ง
reason,เหตุผล
speak,พูด
ago,ที่ผ่านมา
set,ชุด
black,สีดำ
member,สมาชิก
community,ชุมชน
once,ครั้งหนึ่ง
social,ทางสังคม
news,ข่าว
allow,อนุญาต
win,ชนะ
body,ร่างกาย
lead,ตะกั่ว
continue,ดำเนินการต่อ
whether,ไม่ว่า
enough,เพียงพอ
spend,ใช้จ่าย
level,ระดับ
able,สามารถ
political,ทางการเมือง
almost,เกือบ
boy,เด็กผู้ชาย
university,มหาวิทยาลัย
before,ก่อน
stay,อยู่
add,เพิ่ม
later,ภายหลัง
change,เปลี่ยน
five,ห้า
probably,อาจจะ
center,ศูนย์
among,ท่ามกลาง
face,ใบหน้า
public,สาธารณะ
die,ตาย
food,อาหาร
else,อื่น
history,ประวัติศาสตร์
buy,ซื้อ
result,ผลลัพธ์
morning,เช้า
off,ปิด
parent,พ่อแม่
office,สำนักงาน
course,คอร์ส
send,ส่ง
research,วิจัย
walk,เดิน
door,ประตู
white,สีขาว
several,หลาย
court,ศาล
home,บ้าน
grow,เติบโต
better,ดีกว่า
open,เปิด
moment,ช่วงเวลา
including,รวมทั้ง
consider,พิจารณา
both,ทั้งคู่
such,เช่น
little,เล็กน้อย
within,ภายใน
second,ที่สอง
late,ช้า
street,ถนน
free,ฟรี
better,ดีกว่า
everyone,ทุกคน
policy,นโยบาย
table,โต๊ะ
sorry,ขอโทษ
care,การดูแล
low,ต่ำ
human,มนุษย์
please,โปรด
hope,หวัง
TRUE,จริง
process,กระบวนการ
teacher,ครู
data,ข้อมูล
offer,เสนอ
death,ความตาย
whole,ทั้งหมด
experience,ประสบการณ์
plan,วางแผน
easy,ง่าย
education,การศึกษา
build,สร้าง
expect,คาดหวัง
fall,ตก
himself,ตัวเขาเอง
age,อายุ
hard,แข็ง
sense,ความรู้สึก
across,ข้าม
show,แสดง
early,แต่แรก
college,วิทยาลัย
music,ดนตรี
appear,ปรากฏ
mind,จิตใจ
class,ระดับ
police,ตำรวจ
use,ใช้
effect,ผล
season,ฤดูกาล
tax,ภาษี
heart,หัวใจ
son,ลูกชาย
art,ศิลปะ
possible,เป็นไปได้
serve,ให้บริการ
break,หยุดพัก
although,แม้ว่า
end,จบ
market,ตลาด
even,สม่ำเสมอ
air,อากาศ
force,บังคับ
require,จำเป็นต้อง
foot,เท้า
up,ขึ้น
listen,ฟัง
agree,เห็นด้วย
according,ตาม
anyone,ใครก็ได้
baby,ที่รัก
wrong,ผิด
love,รัก
cut,ตัด
decide,ตัดสินใจ
republican,พรรครีพับลิกัน
full,เต็ม
behind,ด้านหลัง
pass,ผ่าน
interest,ความสนใจ
sometimes,บางครั้ง
security,ความปลอดภัย
eat,กิน
report,รายงาน
control,ควบคุม
rate,ประเมิน
local,ท้องถิ่น
suggest,แนะนำ
report,รายงาน
nation,ประเทศ
sell,ขาย
action,การกระทำ
support,สนับสนุน
wife,ภรรยา
decision,การตัดสินใจ
receive,รับ
value,ค่า
base,ฐาน
pick,เลือก
phone,โทรศัพท์
thanks,ขอบคุณ
event,เหตุการณ์
drive,ขับ
strong,แข็งแกร่ง
reach,เข้าถึง
remain,ยังคง
explain,อธิบาย
site,เว็บไซต์
hit,ตี
pull,ดึง
church,คริสตจักร
model,แบบอย่าง
perhaps,บางที
relationship,ความสัมพันธ์
six,หก
fine,ดี
movie,ภาพยนตร์
field,สนาม
raise,ยก
less,น้อย
player,ผู้เล่น
couple,คู่
million,ล้าน
themselves,ตัวพวกเขาเอง
record,บันทึก
especially,โดยเฉพาะ
difference,ความแตกต่าง
light,แสงสว่าง
development,การพัฒนา
federal,ของรัฐบาลกลาง
former,อดีต
role,บทบาท
pretty,สวย
myself,ตัวฉันเอง
view,ดู
price,ราคา
effort,ความพยายาม
nice,ดี
quite,ค่อนข้าง
along,ตาม
voice,เสียง
finally,ในที่สุด
department,แผนก
either,ทั้ง
toward,ไปทาง
leader,ผู้นำ
because,เพราะ
photo,รูปถ่าย
wear,สวมใส่
space,ช่องว่าง
project,โครงการ
return,กลับ
position,ตำแหน่ง
special,พิเศษ
million,ล้าน
film,ฟิล์ม
need,ความต้องการ
major,วิชาเอก
type,พิมพ์
town,เมือง
article,บทความ
road,ถนน
form,รูปร่าง
chance,โอกาส
drug,ยา
economic,ทางเศรษฐกิจ
situation,สถานการณ์
choose,เลือก
practice,ฝึกฝน
cause,สาเหตุ
happy,มีความสุข
science,ศาสตร์
join,เข้าร่วม
teach,สอน
early,แต่แรก
develop,พัฒนา
share,แบ่งปัน
yourself,ตัวคุณเอง
carry,พก
clear,ชัดเจน
brother,พี่ชาย
matter,วัตถุ
dead,ตาย
image,ภาพ
star,ดาว
cost,ค่าใช้จ่าย
simply,อย่างง่าย
post,โพสต์
society,สังคม
picture,รูปภาพ
piece,ชิ้นส่วน
paper,กระดาษ
energy,พลังงาน
personal,ส่วนตัว
building,อาคาร
military,ทหาร
open,เปิด
doctor,หมอ
activity,กิจกรรม
exactly,อย่างแน่นอน
american,เกี่ยวกับอเมริกา
media,สื่อ
miss,นางสาว
evidence,หลักฐาน
product,ผลิตภัณฑ์
realize,ตระหนัก
save,บันทึก
arm,แขน
technology,เทคโนโลยี
catch,จับ
comment,การแสดงความคิดเห็น
look,ดู
term,ภาคเรียน
color,สี
cover,ปิดบัง
describe,อธิบาย
guess,เดา
choice,ทางเลือก
source,แหล่งที่มา
mom,แม่
soon,เร็วๆ นี้
director,ผู้อำนวยการ
international,ระหว่างประเทศ
rule,กฎ
campaign,แคมเปญ
ground,พื้น
election,การเลือกตั้ง
face,ใบหน้า
uh,เอ่อ
check,ตรวจสอบ
page,หน้าหนังสือ
fight,ต่อสู้
itself,ตัวเอง
test,ทดสอบ
patient,อดทน
produce,ผลิต
certain,แน่ใจ
whatever,อะไรก็ตาม
half,ครึ่ง
video,วิดีโอ
support,สนับสนุน
throw,โยน
third,ที่สาม
care,การดูแล
rest,พักผ่อน
recent,ล่าสุด
available,มีอยู่
step,ขั้นตอน
ready,พร้อม
opportunity,โอกาส
official,เป็นทางการ
oil,น้ำมัน
call,เรียก
organization,องค์กร
character,อักขระ
single,เดี่ยว
current,ปัจจุบัน
likely,มีแนวโน้ม
county,เขต
future,อนาคต
dad,พ่อ
whose,ของใคร
less,น้อย
shoot,ยิง
industry,อุตสาหกรรม
second,ที่สอง
list,รายการ
general,ทั่วไป
stuff,สิ่งของ
figure,รูป
attention,ความสนใจ
forget,ลืม
risk,เสี่ยง
no,เลขที่
focus,จุดสนใจ
short,สั้น
fire,ไฟ
dog,สุนัข
red,สีแดง
hair,ผม
point,จุด
condition,เงื่อนไข
wall,กำแพง
daughter,ลูกสาว
before,ก่อน
deal,ข้อเสนอ
author,ผู้เขียน
truth,ความจริง
upon,เมื่อ
husband,สามี
period,ระยะเวลา
series,ชุด
order,คำสั่ง
officer,เจ้าหน้าที่
close,ปิด
land,ที่ดิน
note,บันทึก
computer,คอมพิวเตอร์
thought,คิด
economy,เศรษฐกิจ
goal,เป้าหมาย
bank,ธนาคาร
behavior,พฤติกรรม
sound,เสียง
deal,ข้อเสนอ
certainly,แน่นอน
nearly,เกือบ
increase,เพิ่มขึ้น
act,กระทำ
north,ทิศเหนือ
well,ดี
blood,เลือด
culture,วัฒนธรรม
medical,ทางการแพทย์
ok,ตกลง
everybody,ทุกคน
top,สูงสุด
difficult,ยาก
close,ปิด
language,ภาษา
window,หน้าต่าง
response,การตอบสนอง
population,ประชากร
lie,โกหก
tree,ต้นไม้
park,สวน
worker,คนงาน
draw,วาด
plan,วางแผน
drop,หยด
push,ดัน
earth,โลก
cause,สาเหตุ
per,ต่อ
private,ส่วนตัว
tonight,คืนนี้
race,แข่ง
than,กว่า
letter,จดหมาย
other,อื่น
gun,ปืน
simple,เรียบง่าย
course,คอร์ส
wonder,สิ่งมหัศจรรย์
involve,มีส่วนร่วม
hell,นรก
poor,ยากจน
each,แต่ละ
answer,คำตอบ
nature,ธรรมชาติ
administration,การบริหาร
common,ทั่วไป
no,เลขที่
hard,แข็ง
message,ข้อความ
song,เพลง
enjoy,สนุก
similar,คล้ายกัน
congress,รัฐสภา
attack,จู่โจม
past,อดีต
hot,ร้อน
seek,แสวงหา
amount,จำนวน
analysis,การวิเคราะห์
store,เก็บ
defense,ป้องกัน
bill,ใบแจ้งหนี้
like,ชอบ
cell,ห้องขัง
away,ห่างออกไป
performance,ผลงาน
hospital,โรงพยาบาล
bed,เตียง
board,กระดาน
protect,ปกป้อง
century,ศตวรรษ
summer,ฤดูร้อน
material,วัสดุ
individual,รายบุคคล
recently,ล่าสุด
example,ตัวอย่าง
represent,แทน
fill,เติม
state,สถานะ
place,สถานที่
animal,สัตว์
fail,ล้มเหลว
factor,ปัจจัย
natural,เป็นธรรมชาติ
sir,ท่าน
agency,หน่วยงาน
usually,โดยปกติ
significant,สำคัญ
help,ช่วย
ability,ความสามารถ
mile,ไมล์
statement,คำแถลง
entire,ทั้งหมด
democrat,ประชาธิปัตย์
floor,พื้น
serious,จริงจัง
career,อาชีพ
dollar,ดอลลาร์
vote,ลงคะแนนเสียง
sex,เพศ
compare,เปรียบเทียบ
south,ใต้
forward,ซึ่งไปข้างหน้า
subject,เรื่อง
financial,การเงิน
identify,แยกแยะ
beautiful,สวย
decade,ทศวรรษ
bit,นิดหน่อย
reduce,ลด
sister,น้องสาว
quality,คุณภาพ
quickly,อย่างรวดเร็ว
act,กระทำ
press,กด
worry,กังวล
accept,ยอมรับ
enter,เข้า
mention,กล่าวถึง
sound,เสียง
thus,ดังนั้น
plant,ปลูก
movement,ความเคลื่อนไหว
scene,ฉาก
section,ส่วน
treatment,การรักษา
wish,ปรารถนา
benefit,ผลประโยชน์
interesting,น่าสนใจ
west,ตะวันตก
candidate,ผู้สมัคร
approach,เข้าใกล้
determine,กำหนด
resource,ทรัพยากร
claim,เรียกร้อง
answer,คำตอบ
prove,พิสูจน์
sort,เรียงลำดับ
enough,เพียงพอ
size,ขนาด
somebody,ใครบางคน
knowledge,ความรู้
rather,ค่อนข้าง
hang,แขวน
sport,กีฬา
tv,โทรทัศน์
loss,การสูญเสีย
argue,โต้แย้ง
left,ซ้าย
note,บันทึก
meeting,การประชุม
skill,ทักษะ
card,การ์ด
feeling,ความรู้สึก
despite,ถึงอย่างไรก็ตาม
degree,ระดับ
crime,อาชญากรรม
that,ที่
sign,เข้าสู่ระบบ
occur,เกิดขึ้น
imagine,จินตนาการ
vote,ลงคะแนนเสียง
near,ใกล้
king,กษัตริย์
box,กล่อง
present,ปัจจุบัน
figure,รูป
seven,เจ็ด
foreign,ต่างชาติ
laugh,หัวเราะ
disease,โรค
lady,ผู้หญิง
beyond,เกิน
discuss,หารือ
finish,เสร็จ
design,ออกแบบ
concern,กังวล
ball,ลูกบอล
east,ทิศตะวันออก
recognize,จำได้
apply,นำมาใช้
prepare,เตรียมตัว
network,เครือข่าย
huge,ใหญ่
success,ความสำเร็จ
district,เขต
cup,ถ้วย
name,ชื่อ
physical,ทางกายภาพ
growth,การเจริญเติบโต
rise,ลุกขึ้น
hi,สวัสดี
standard,มาตรฐาน
force,บังคับ
sign,เข้าสู่ระบบ
fan,พัดลม
theory,ทฤษฎี
staff,พนักงาน
hurt,เจ็บ
legal,ถูกกฎหมาย
september,กันยายน
set,ชุด
outside,ข้างนอก
et,ET
strategy,กลยุทธ์
clearly,อย่างชัดเจน
property,คุณสมบัติ
lay,วาง
final,สุดท้าย
authority,อำนาจ
perfect,สมบูรณ์แบบ
method,วิธี
region,ภูมิภาค
since,เนื่องจาก
impact,ผลกระทบ
indicate,ระบุ
safe,ปลอดภัย
committee,คณะกรรมการ
supposed,ที่ควร
dream,ฝัน
training,การฝึกอบรม
shit,อึ
central,ศูนย์กลาง
option,ตัวเลือก
eight,แปด
particularly,โดยเฉพาะ
completely,อย่างสมบูรณ์
opinion,ความคิดเห็น
main,หลัก
ten,สิบ
interview,สัมภาษณ์
exist,มีอยู่
remove,ลบ
dark,มืด
play,เล่น
union,สหภาพ
professor,ศาสตราจารย์
pressure,ความดัน
purpose,วัตถุประสงค์
stage,เวที
blue,สีฟ้า
herself,ตัวเอง
sun,ดวงอาทิตย์
pain,ความเจ็บปวด
artist,ศิลปิน
employee,พนักงาน
avoid,หลีกเลี่ยง
account,บัญชี
release,ปล่อย
fund,กองทุน
environment,สิ่งแวดล้อม
treat,รักษา
specific,เฉพาะเจาะจง
version,รุ่น
shot,การยิง
hate,เกลียด
reality,ความจริง
visit,เยี่ยม
club,คลับ
justice,ความยุติธรรม
river,แม่น้ำ
brain,สมอง
memory,หน่วยความจำ
rock,หิน
talk,พูดคุย
camera,กล้อง
global,ทั่วโลก
various,หลากหลาย
arrive,มาถึง
notice,สังเกต
bit,นิดหน่อย
detail,รายละเอียด
challenge,ท้าทาย
argument,การโต้แย้ง
lot,มาก
nobody,ไม่มีใคร
weapon,อาวุธ
best,ดีที่สุด
station,สถานี
island,เกาะ
absolutely,อย่างแน่นอน
instead,แทน
discussion,การอภิปราย
instead,แทน
affect,ส่งผลกระทบ
design,ออกแบบ
little,เล็กน้อย
anyway,ถึงอย่างไร
respond,ตอบกลับ
control,ควบคุม
trouble,ปัญหา
conversation,การสนทนา
manage,จัดการ
close,ปิด
date,วันที่
public,สาธารณะ
army,กองทัพ
top,สูงสุด
post,โพสต์
charge,ค่าใช้จ่าย
seat,ที่นั่ง
assume,สมมติ
writer,นักเขียน
perform,ดำเนินการ
credit,เครดิต
green,สีเขียว
marriage,การแต่งงาน
operation,การดำเนินการ
indeed,อย่างแท้จริง
sleep,นอน
necessary,จำเป็น
reveal,เปิดเผย
agent,ตัวแทน
access,เข้าถึง
bar,บาร์
debate,อภิปราย
leg,ขา
contain,บรรจุ
beat,ตี
cool,เย็น
democratic,เกี่ยวกับประชาธิปไตย
cold,เย็น
glass,กระจก
improve,ทำให้ดีขึ้น
adult,ผู้ใหญ่
trade,ซื้อขาย
religious,เคร่งศาสนา
head,ศีรษะ
review,ทบทวน
kind,ใจดี
address,ที่อยู่
association,สมาคม
measure,วัด
stock,คลังสินค้า
gas,แก๊ส
deep,ลึก
lawyer,ทนายความ
production,การผลิต
relate,เกี่ยวข้อง
middle,กลาง
management,การจัดการ
original,ต้นฉบับ
victim,เหยื่อ
cancer,มะเร็ง
speech,คำพูด
particular,โดยเฉพาะ
trial,การทดลอง
none,ไม่มี
item,รายการ
weight,น้ำหนัก
tomorrow,พรุ่งนี้
step,ขั้นตอน
positive,เชิงบวก
form,รูปร่าง
citizen,พลเมือง
study,ศึกษา
trip,การเดินทาง
establish,สร้าง
executive,ผู้บริหาร
politics,การเมือง
stick,ติด
customer,ลูกค้า
manager,ผู้จัดการ
rather,ค่อนข้าง
publish,เผยแพร่
popular,เป็นที่นิยม
sing,ร้องเพลง
ahead,ข้างหน้า
conference,การประชุม
total,ทั้งหมด
discover,ค้นพบ
fast,เร็ว
base,ฐาน
direction,ทิศทาง
sunday,วันอาทิตย์
maintain,บำรุงรักษา
past,อดีต
majority,ส่วนใหญ่
peace,ความสงบ
dinner,อาหารเย็น
partner,พันธมิตร
user,ผู้ใช้
above,ข้างบน
fly,บิน
bag,ถุง
therefore,ดังนั้น
rich,รวย
individual,รายบุคคล
tough,ยาก
owner,เจ้าของ
shall,จะ
inside,ข้างใน
voter,ผู้ลงคะแนนเสียง
tool,เครื่องมือ
june,มิถุนายน
far,ไกล
may,อาจ
mountain,ภูเขา
range,พิสัย
coach,โค้ช
fear,กลัว
friday,วันศุกร์
attorney,อัยการ
unless,เว้นเสียแต่ว่า
nor,ก็ไม่เช่นกัน
expert,ผู้เชี่ยวชาญ
structure,โครงสร้าง
budget,งบประมาณ
insurance,ประกันภัย
text,ข้อความ
freedom,เสรีภาพ
crazy,คลั่งไคล้
reader,ผู้อ่าน
style,สไตล์
through,ผ่าน
march,มีนาคม
machine,เครื่องจักร
november,พฤศจิกายน
generation,รุ่น
income,รายได้
born,เกิด
admit,ยอมรับ
hello,สวัสดี
onto,ไปยัง
sea,ทะเล
okay,ตกลง
mouth,ปาก
throughout,ตลอดทั้ง
own,เป็นเจ้าของ
test,ทดสอบ
web,เว็บ
shake,สั่นคลอน
threat,ภัยคุกคาม
solution,สารละลาย
shut,ปิด
down,ลง
travel,การท่องเที่ยว
scientist,นักวิทยาศาสตร์
hide,ซ่อน
obviously,อย่างชัดเจน
refer,อ้างอิง
alone,ตามลำพัง
drink,ดื่ม
investigation,การสืบสวน
senator,วุฒิสมาชิก
unit,หน่วย
photograph,ถ่ายภาพ
july,กรกฎาคม
television,โทรทัศน์
key,สำคัญ
sexual,ทางเพศ
radio,วิทยุ
prevent,ป้องกัน
once,ครั้งหนึ่ง
modern,ทันสมัย
senate,วุฒิสภา
violence,ความรุนแรง
touch,สัมผัส
feature,คุณสมบัติ
audience,ผู้ชม
evening,ตอนเย็น
whom,ใคร
front,ด้านหน้า
hall,ห้องโถง
task,งาน
score,คะแนน
skin,ผิว
suffer,ทุกข์ทรมาน
wide,กว้าง
spring,ฤดูใบไม้ผลิ
experience,ประสบการณ์
civil,พลเรือน
safety,ความปลอดภัย
weekend,สุดสัปดาห์
while,ในขณะที่
worth,คุณค่า
title,ชื่อ
heat,ความร้อน
normal,ปกติ
hope,หวัง
yard,ลาน
finger,นิ้ว
tend,มีแนวโน้ม
mission,ภารกิจ
eventually,ในท้ายที่สุด
participant,ผู้เข้าร่วม
hotel,โรงแรม
judge,ผู้พิพากษา
pattern,ลวดลาย
break,หยุดพัก
institution,สถาบัน
faith,ศรัทธา
professional,มืออาชีพ
reflect,สะท้อน
folk,พื้นบ้าน
surface,พื้นผิว
fall,ตก
client,ลูกค้า
edge,ขอบ
traditional,แบบดั้งเดิม
council,สภา
device,อุปกรณ์
firm,บริษัท
environmental,ด้านสิ่งแวดล้อม
responsibility,ความรับผิดชอบ
chair,เก้าอี้
internet,อินเทอร์เน็ต
october,ตุลาคม
by,โดย
funny,ตลก
immediately,โดยทันที
investment,การลงทุน
ship,เรือ
effective,มีประสิทธิภาพ
previous,ก่อนหน้า
content,เนื้อหา
consumer,ผู้บริโภค
element,องค์ประกอบ
nuclear,นิวเคลียร์
spirit,วิญญาณ
directly,โดยตรง
afraid,เกรงกลัว
define,กำหนด
handle,รับมือ
track,ติดตาม
run,วิ่ง
wind,ลม
lack,ขาด
cost,ค่าใช้จ่าย
announce,ประกาศ
journal,วารสาร
heavy,หนัก
ice,น้ำแข็ง
collection,ของสะสม
feed,ให้อาหาร
soldier,ทหาร
just,แค่
governor,ผู้ว่าราชการจังหวัด
fish,ปลา
shoulder,ไหล่
cultural,ทางวัฒนธรรม
successful,ประสบความสำเร็จ
fair,ยุติธรรม
trust,เชื่อมั่น
suddenly,กะทันหัน
future,อนาคต
interested,สนใจ
deliver,ส่งมอบ
saturday,วันเสาร์
editor,บรรณาธิการ
fresh,สด
anybody,ใคร ๆ
destroy,ทำลาย
claim,เรียกร้อง
critical,วิกฤต
agreement,ข้อตกลง
powerful,ทรงพลัง
researcher,นักวิจัย
concept,แนวคิด
willing,เต็มใจ
band,วงดนตรี
marry,แต่งงาน
promise,สัญญา
easily,อย่างง่ายดาย
restaurant,ร้านอาหาร
league,สันนิบาต
senior,อาวุโส
capital,เมืองหลวง
anymore,อีกต่อไป
april,เมษายน
potential,ศักยภาพ
etc,ฯลฯ
quick,เร็ว
magazine,นิตยสาร
status,สถานะ
attend,เข้าร่วม
replace,แทนที่
due,เนื่องจาก
hill,เนินเขา
kitchen,ครัว
achieve,บรรลุ
screen,หน้าจอ
generally,โดยทั่วไป
mistake,ความผิดพลาด
along,ตาม
strike,โจมตี
battle,การสู้รบ
spot,จุด
basic,ขั้นพื้นฐาน
very,มาก
corner,มุม
target,เป้า
driver,คนขับรถ
beginning,จุดเริ่มต้น
religion,ศาสนา
crisis,วิกฤติ
count,นับ
museum,พิพิธภัณฑ์
engage,หมั้น
communication,การสื่อสาร
murder,การฆาตกรรม
blow,เป่า
object,วัตถุ
express,ด่วน
huh,ฮะ
encourage,ให้กำลังใจ
matter,วัตถุ
blog,บล็อก
smile,รอยยิ้ม
return,กลับ
belief,ความเชื่อ
block,ปิดกั้น
debt,หนี้
fire,ไฟ
labor,แรงงาน
understanding,ความเข้าใจ
neighborhood,ละแวกบ้าน
contract,สัญญา
middle,กลาง
species,สายพันธุ์
additional,เพิ่มเติม
sample,ตัวอย่าง
involved,ที่เกี่ยวข้อง
inside,ข้างใน
mostly,ส่วนใหญ่
path,เส้นทาง
concerned,น่ากังวล
apple,แอปเปิล
conduct,จัดการ
god,พระเจ้า
wonderful,มหัศจรรย์
library,ห้องสมุด
prison,คุก
hole,รู
attempt,พยายาม
complete,สมบูรณ์
code,รหัส
sales,ฝ่ายขาย
gift,ของขวัญ
refuse,ปฏิเสธ
increase,เพิ่มขึ้น
garden,สวน
introduce,แนะนำ
roll,ม้วน
christian,คริสเตียน
definitely,อย่างแน่นอน
like,ชอบ
lake,ทะเลสาบ
turn,เปลี่ยน
sure,แน่นอน
earn,ได้รับ
plane,เครื่องบิน
vehicle,ยานพาหนะ
examine,พิจารณา
application,แอปพลิเคชัน
thousand,พัน
coffee,กาแฟ
gain,ได้รับ
result,ผลลัพธ์
file,ไฟล์
billion,พันล้าน
reform,ปฏิรูป
ignore,ไม่สนใจ
welcome,ยินดีต้อนรับ
gold,ทอง
jump,กระโดด
planet,ดาวเคราะห์
location,ที่ตั้ง
bird,นก
amazing,อัศจรรย์
principle,หลักการ
promote,ส่งเสริม
search,ค้นหา
nine,เก้า
alive,มีชีวิตอยู่
possibility,ความเป็นไปได้
sky,ท้องฟ้า
otherwise,มิฉะนั้น
remind,เตือน
healthy,สุขภาพดี
fit,พอดี
horse,ม้า
advantage,ข้อได้เปรียบ
commercial,ทางการค้า
steal,ขโมย
basis,พื้นฐาน
context,บริบท
highly,อย่างสูง
christmas,คริสต์มาส
strength,ความแข็งแกร่ง
move,เคลื่อนไหว
monday,วันจันทร์
mean,หมายถึง
alone,ตามลำพัง
beach,ชายหาด
survey,สำรวจ
writing,การเขียน
master,ผู้เชี่ยวชาญ
cry,ร้องไห้
scale,มาตราส่วน
resident,ผู้อยู่อาศัย
football,ฟุตบอล
sweet,หวาน
failure,ความล้มเหลว
reporter,ผู้สื่อข่าว
commit,ให้สัญญา
fight,ต่อสู้
one,หนึ่ง
associate,เชื่อมโยง
vision,วิสัยทัศน์
function,การทำงาน
truly,อย่างแท้จริง
sick,ป่วย
average,เฉลี่ย
human,มนุษย์
stupid,โง่
will,จะ
chinese,ชาวจีน
connection,การเชื่อมต่อ
camp,ค่าย
stone,หิน
hundred,ร้อย
key,สำคัญ
truck,รถบรรทุก
afternoon,ตอนบ่าย
responsible,รับผิดชอบ
secretary,เลขานุการ
apparently,เห็นได้ชัดว่า
smart,ปราดเปรื่อง
southern,ภาคใต้
totally,โดยสิ้นเชิง
western,ทางทิศตะวันตก
collect,เก็บรวบรวม
conflict,ขัดแย้ง
burn,เผา
learning,การเรียนรู้
wake,ตื่น
contribute,มีส่วนช่วย
ride,ขี่
british,ชาวอังกฤษ
following,กำลังติดตาม
order,คำสั่ง
share,แบ่งปัน
newspaper,หนังสือพิมพ์
foundation,พื้นฐาน
variety,ความหลากหลาย
perspective,ทัศนคติ
document,เอกสาร
presence,การมีอยู่
stare,จ้อง
lesson,บทเรียน
limit,จำกัด
appreciate,ชื่นชม
complete,สมบูรณ์
observe,สังเกต
currently,ตอนนี้
hundred,ร้อย
fun,สนุก
crowd,ฝูงชน
attack,จู่โจม
apartment,อพาร์ทเม้น
survive,รอดชีวิต
guest,แขก
soul,วิญญาณ
protection,การป้องกัน
intelligence,ปัญญา
yesterday,เมื่อวาน
somewhere,ที่ไหนสักแห่ง
border,ชายแดน
reading,การอ่าน
terms,คำศัพท์
leadership,ความเป็นผู้นำ
present,ปัจจุบัน
chief,หัวหน้า
attitude,ทัศนคติ
start,เริ่ม
um,อืม
deny,ปฏิเสธ
website,เว็บไซต์
seriously,อย่างจริงจัง
actual,แท้จริง
recall,จำ
fix,แก้ไข
negative,เชิงลบ
connect,เชื่อมต่อ
distance,ระยะทาง
regular,ปกติ
climate,ภูมิอากาศ
relation,ความสัมพันธ์
flight,เที่ยวบิน
dangerous,อันตราย
boat,เรือ
aspect,ด้าน
grab,คว้า
until,จนกระทั่ง
favorite,ที่ชื่นชอบ
like,ชอบ
january,มกราคม
independent,เป็นอิสระ
volume,ปริมาณ
am,เช้า
lots,จำนวนมาก
front,ด้านหน้า
online,ออนไลน์
theater,โรงภาพยนตร์
speed,ความเร็ว
aware,รับรู้
identity,ตัวตน
demand,ความต้องการ
extra,พิเศษ
charge,ค่าใช้จ่าย
guard,อารักขา
demonstrate,สาธิต
fully,อย่างเต็มที่
tuesday,วันอังคาร
facility,สิ่งอำนวยความสะดวก
farm,ฟาร์ม
mind,จิตใจ
fun,สนุก
thousand,พัน
august,สิงหาคม
hire,จ้าง
light,แสงสว่าง
link,การเชื่อมโยง
shoe,รองเท้า
institute,สถาบัน
below,ด้านล่าง
living,การดำรงชีวิต
european,เกี่ยวกับยุโรป
quarter,หนึ่งในสี่
basically,โดยทั่วไป
forest,ป่า
multiple,หลายรายการ
poll,การสำรวจความคิดเห็น
wild,ป่า
measure,วัด
twice,สองครั้ง
cross,ข้าม
background,พื้นหลัง
settle,ชำระ
winter,ฤดูหนาว
focus,จุดสนใจ
presidential,เกี่ยวกับประธานาธิบดี
operate,ดำเนินงาน
fuck,มีเพศสัมพันธ์
view,ดู
daily,รายวัน
shop,ร้านค้า
above,ข้างบน
division,แผนก
slowly,ช้า
advice,คำแนะนำ
reaction,ปฏิกิริยา
injury,บาดเจ็บ
it,มัน
ticket,ตั๋ว
grade,ระดับ
wow,ว้าว
birth,การเกิด
painting,จิตรกรรม
outcome,ผล
enemy,ศัตรู
damage,ความเสียหาย
being,สิ่งมีชีวิต
storm,พายุ
shape,รูปร่าง
bowl,ชาม
commission,คณะกรรมการ
captain,กัปตัน
ear,หู
troop,กองทหาร
female,หญิง
wood,ไม้
warm,อบอุ่น
clean,ทำความสะอาด
lead,ตะกั่ว
minister,รัฐมนตรีว่าการกระทรวง
neighbor,เพื่อนบ้าน
tiny,ขนาดเล็ก
mental,จิต
software,ซอฟต์แวร์
glad,ยินดี
finding,การค้นพบ
lord,ขุนนาง
drive,ขับ
temperature,อุณหภูมิ
quiet,เงียบ
spread,การแพร่กระจาย
bright,สว่าง
cut,ตัด
influence,อิทธิพล
kick,เตะ
annual,ประจำปี
procedure,ขั้นตอน
respect,เคารพ
wave,คลื่น
tradition,ธรรมเนียม
threaten,ข่มขู่
primary,หลัก
strange,แปลก
actor,นักแสดงชาย
blame,ตำหนิ
active,คล่องแคล่ว
cat,แมว
depend,ขึ้นอยู่กับ
bus,รสบัส
clothes,เสื้อผ้า
affair,ธุระ
contact,ติดต่อ
category,หมวดหมู่
topic,หัวข้อ
victory,ชัยชนะ
direct,โดยตรง
towards,ต่อ
map,แผนที่
egg,ไข่
ensure,ทำให้มั่นใจ
general,ทั่วไป
expression,การแสดงออก
past,อดีต
session,การประชุม
competition,การแข่งขัน
possibly,อาจจะ
technique,เทคนิค
mine,ของฉัน
average,เฉลี่ย
intend,ตั้งใจ
impossible,เป็นไปไม่ได้
moral,ศีลธรรม
academic,เชิงวิชาการ
wine,ไวน์
approach,เข้าใกล้
somehow,อย่างใด
gather,รวมตัว
scientific,เกี่ยวกับวิทยาศาสตร์
african,เกี่ยวกับแอฟริกา
cook,ทำอาหาร
participate,เข้าร่วม
gay,เกย์
appropriate,เหมาะสม
youth,ความเยาว์
dress,ชุด
straight,ตรง
weather,สภาพอากาศ
recommend,แนะนำ
medicine,ยา
novel,นิยาย
obvious,ชัดเจน
thursday,วันพฤหัสบดี
exchange,แลกเปลี่ยน
explore,สำรวจ
extend,ขยาย
bay,อ่าว
invite,เชิญ
tie,ผูก
ah,อา
belong,เป็นของ
obtain,รับ
broad,กว้าง
conclusion,บทสรุป
progress,ความคืบหน้า
surprise,เซอร์ไพรส์
assessment,การประเมิน
smile,รอยยิ้ม
feature,คุณสมบัติ
cash,เงินสด
defend,ปกป้อง
pound,ปอนด์
correct,ถูกต้อง
married,แต่งงานแล้ว
pair,คู่
slightly,เล็กน้อย
loan,เงินกู้
village,หมู่บ้าน
half,ครึ่ง
suit,สูท
demand,ความต้องการ
historical,เกี่ยวกับประวัติศาสตร์
meaning,ความหมาย
attempt,พยายาม
supply,จัดหา
lift,ยก
ourselves,ตัวเราเอง
honey,น้ำผึ้ง
bone,กระดูก
consequence,ผลที่ตามมา
unique,มีเอกลักษณ์
next,ต่อไป
regulation,ระเบียบข้อบังคับ
award,รางวัล
bottom,ด้านล่าง
excuse,ขอโทษ
familiar,คุ้นเคย
classroom,ห้องเรียน
search,ค้นหา
reference,อ้างอิง
emerge,เกิดขึ้น
long,ยาว
lunch,อาหารกลางวัน
judge,ผู้พิพากษา
ad,คำโฆษณา
desire,ความต้องการ
instruction,คำแนะนำ
emergency,ภาวะฉุกเฉิน
thinking,ความคิด
tour,การท่องเที่ยว
french,ภาษาฝรั่งเศส
combine,รวมกัน
moon,ดวงจันทร์
sad,เศร้า
address,ที่อยู่
december,ธันวาคม
anywhere,ทุกที่
chicken,ไก่
fuel,เชื้อเพลิง
train,รถไฟ
abuse,ใช้ในทางที่ผิด
construction,การก่อสร้าง
wednesday,วันพุธ
link,การเชื่อมโยง
deserve,สมควรได้รับ
famous,มีชื่อเสียง
intervention,การแทรกแซง
grand,ใหญ่โต
visit,เยี่ยม
confirm,ยืนยัน
lucky,โชคดี
insist,ยืนกราน
coast,ชายฝั่ง
proud,ภูมิใจ
cover,ปิดบัง
fourth,ที่สี่
cop,ตำรวจ
angry,โกรธ
native,พื้นเมือง
supreme,สูงสุด
baseball,เบสบอล
but,แต่
email,อีเมล
accident,อุบัติเหตุ
front,ด้านหน้า
duty,หน้าที่
growing,การเติบโต
struggle,การต่อสู้
revenue,รายได้
expand,ขยาย
chief,หัวหน้า
launch,ปล่อย
trend,แนวโน้ม
ring,แหวน
repeat,ทำซ้ำ
breath,ลมหายใจ
inch,นิ้ว
neck,คอ
core,แกนกลาง
terrible,ย่ำแย่
billion,พันล้าน
relatively,อย่างค่อนข้าง
complex,ซับซ้อน
press,กด
miss,นางสาว
slow,ช้า
soft,อ่อนนุ่ม
generate,สร้าง
extremely,อย่างที่สุด
last,ล่าสุด
drink,ดื่ม
forever,ตลอดไป
corporate,ขององค์กร
deep,ลึก
prefer,ชอบมากกว่า
except,ยกเว้น
cheap,ราคาถูก
literature,วรรณกรรม
direct,โดยตรง
mayor,นายกเทศมนตรี
male,ชาย
importance,ความสำคัญ
record,บันทึก
danger,อันตราย
emotional,ทางอารมณ์
knee,เข่า
ass,ตูด
capture,การจับกุม
traffic,การจราจร
fucking,ร่วมเพศ
outside,ข้างนอก
now,ตอนนี้
train,รถไฟ
plate,จาน
equipment,อุปกรณ์
select,เลือก
file,ไฟล์
studio,สตูดิโอ
expensive,แพง
secret,ความลับ
engine,เครื่องยนต์
adopt,รับเลี้ยง
luck,โชค
via,ทาง
pm,น.
panel,แผงหน้าปัด
hero,ฮีโร่
circle,วงกลม
critic,นักวิจารณ์
solve,แก้ปัญหา
busy,ยุ่ง
episode,ตอน
back,กลับ
check,ตรวจสอบ
requirement,ความต้องการ
politician,นักการเมือง
rain,ฝน
colleague,เพื่อนร่วมงาน
disappear,หายไป
beer,เบียร์
predict,ทำนาย
exercise,ออกกำลังกาย
tired,เหนื่อย
democracy,ประชาธิปไตย
ultimately,ในที่สุด
setting,การตั้งค่า
honor,ให้เกียรติ
works,ผลงาน
unfortunately,น่าเสียดาย
theme,ธีม
issue,ปัญหา
male,ชาย
clean,ทำความสะอาด
united,รวมกัน
pool,สระน้ำ
educational,เกี่ยวกับการศึกษา
empty,ว่างเปล่า
comfortable,สะดวกสบาย
investigate,สอบสวน
useful,มีประโยชน์
pocket,กระเป๋า
digital,ดิจิทัล
plenty,มากมาย
entirely,อย่างสมบูรณ์
fear,กลัว
afford,จ่ายได้
sugar,น้ำตาล
teaching,การสอน
conservative,ซึ่งอนุรักษ์นิยม
chairman,ประธาน
error,ข้อผิดพลาด
bridge,สะพาน
tall,สูง
specifically,โดยเฉพาะ
flower,ดอกไม้
though,แม้ว่า
universe,จักรวาล
live,สด
acknowledge,รับทราบ
limit,จำกัด
coverage,ความครอบคลุม
crew,ลูกทีม
locate,หาตำแหน่ง
balance,สมดุล
equal,เท่ากัน
lip,ริมฝีปาก
lean,เอียง
zone,โซน
wedding,งานแต่งงาน
copy,สำเนา
score,คะแนน
joke,เรื่องตลก
used,ใช้แล้ว
clear,ชัดเจน
bear,หมี
meal,มื้อ
review,ทบทวน
minority,ชนกลุ่มน้อย
sight,ภาพ
sleep,นอน
russian,ชาวรัสเซีย
dress,ชุด
release,ปล่อย
soviet,สหภาพโซเวียต
profit,กำไร
challenge,ท้าทาย
careful,ระมัดระวัง
gender,เพศ
tape,เทป
ocean,มหาสมุทร
unidentified,ไม่ปรากฏชื่อ
host,เจ้าภาพ
grant,ยินยอม
circumstance,สถานการณ์
late,ช้า
boss,เจ้านาย
declare,ประกาศ
domestic,ภายในประเทศ
tea,ชา
organize,จัดระเบียบ
english,ภาษาอังกฤษ
neither,ไม่ใช่ทั้งสองอย่าง
either,ทั้ง
official,เป็นทางการ
surround,ล้อมรอบ
manner,มารยาท
surprised,น่าประหลาดใจ
percentage,เปอร์เซ็นต์
massive,มโหฬาร
cloud,คลาวด์
winner,ผู้ชนะ
honest,ซื่อสัตย์
standard,มาตรฐาน
propose,เสนอ
rely,พึ่งพา
plus,บวก
sentence,ประโยค
request,ขอ
appearance,รูปร่าง
regarding,เกี่ยวกับ
excellent,ยอดเยี่ยม
criminal,อาชญากร
salt,เกลือ
beauty,ความงาม
bottle,ขวด
component,ส่วนประกอบ
under,ภายใต้
fee,ค่าธรรมเนียม
jewish,ชาวยิว
yours,ของคุณ
dry,แห้ง
dance,เต้นรำ
shirt,เสื้อ
tip,เคล็ดลับ
plastic,พลาสติก
indian,เกี่ยวกับประเทศอินเดีย
mark,เครื่องหมาย
tooth,ฟัน
meat,เนื้อ
stress,ความเครียด
illegal,ผิดกฎหมาย
significantly,อย่างสำคัญ
february,กุมภาพันธ์
constitution,รัฐธรรมนูญ
definition,คำนิยาม
uncle,ลุง
metal,โลหะ
album,อัลบั้ม
self,ตัวเอง
suppose,สมมติ
investor,นักลงทุน
fruit,ผลไม้
holy,ศักดิ์สิทธิ์
desk,โต๊ะ
eastern,ภาคตะวันออก
valley,หุบเขา
largely,ส่วนใหญ่
abortion,การทำแท้ง
chapter,บท
commitment,ความมุ่งมั่น
celebrate,ฉลอง
arrest,จับกุม
dance,เต้นรำ
prime,นายก
urban,ในเมือง
internal,ภายใน
bother,รบกวน
proposal,ข้อเสนอ
shift,กะ
capacity,ความจุ
guilty,รู้สึกผิด
warn,เตือน
influence,อิทธิพล
weak,อ่อนแอ
except,ยกเว้น
catholic,คาทอลิก
nose,จมูก
variable,ตัวแปร
convention,การประชุม
jury,คณะลูกขุน
root,ราก
incident,เหตุการณ์
climb,ปีน
hearing,การได้ยิน
everywhere,ทุกที่
payment,การชำระเงิน
bear,หมี
conclude,สรุป
scream,กรีดร้อง
surgery,การผ่าตัด
shadow,เงา
witness,พยาน
increasingly,มากขึ้น
chest,หน้าอก
amendment,การแก้ไข
paint,สี
secret,ความลับ
complain,ร้องทุกข์
extent,ขอบเขต
pleasure,ความพึงพอใจ
nod,พยักหน้า
holiday,วันหยุด
super,สุดยอด
talent,ความสามารถพิเศษ
necessarily,อย่างจำเป็น
liberal,เสรีนิยม
expectation,ความคาดหวัง
ride,ขี่
accuse,กล่าวโทษ
knock,เคาะ
previously,ก่อนหน้านี้
wing,ปีก
corporation,บริษัท
sector,ภาค
fat,อ้วน
experiment,การทดลอง
match,จับคู่
thin,บาง
farmer,ชาวนา
rare,หายาก
english,ภาษาอังกฤษ
confidence,ความมั่นใจ
bunch,กลุ่ม
bet,เดิมพัน
cite,อ้างถึง
northern,ทางเหนือ
speaker,ลำโพง
breast,หน้าอก
contribution,ผลงาน
leaf,ใบไม้
creative,ความคิดสร้างสรรค์
interaction,ปฏิสัมพันธ์
hat,หมวก
doubt,สงสัย
promise,สัญญา
pursue,ไล่ตาม
overall,โดยรวม
nurse,พยาบาล
question,คำถาม
long-term,ระยะยาว
gene,ยีน
package,บรรจุุภัณฑ์
weird,แปลก
difficulty,ความยากลำบาก
hardly,แทบจะไม่
daddy,พ่อ
estimate,ประมาณการ
list,รายการ
era,ยุค
comment,การแสดงความคิดเห็น
aid,การช่วยเหลือ
vs,Vs
invest,ลงทุน
personally,ส่วนตัว
notion,ความคิด
explanation,คำอธิบาย
airport,สนามบิน
chain,โซ่
expose,เปิดเผย
lock,ล็อค
convince,โน้มน้าวใจ
channel,ช่อง
carefully,อย่างระมัดระวัง
tear,น้ำตา
estate,อสังหาริมทรัพย์
initial,อักษรย่อ
offer,เสนอ
purchase,ซื้อ
guide,แนะนำ
forth,ออกไป
his,ของเขา
bond,พันธะ
birthday,วันเกิด
travel,การท่องเที่ยว
pray,อธิษฐาน
improvement,การปรับปรุง
ancient,โบราณ
ought,ควร
escape,หนี
trail,เส้นทาง
brown,สีน้ำตาล
fashion,แฟชั่น
length,ความยาว
sheet,แผ่น
funding,เงินทุน
meanwhile,ในขณะเดียวกัน
fault,ความผิดพลาด
barely,แทบจะไม่
eliminate,กำจัด
motion,การเคลื่อนไหว
essential,จำเป็น
apart,ห่างกัน
combination,การผสมผสาน
limited,ถูก จำกัด
description,คำอธิบาย
mix,ผสม
snow,หิมะ
implement,ดำเนินการ
pretty,สวย
proper,เหมาะสม
part,ส่วนหนึ่ง
marketing,การตลาด
approve,อนุมัติ
other,อื่น
bomb,ระเบิด
slip,ลื่น
regional,เกี่ยวกับภูมิภาค
lack,ขาด
muscle,กล้ามเนื้อ
contact,ติดต่อ
rise,ลุกขึ้น
FALSE,เท็จ
likely,มีแนวโน้ม
creation,การสร้าง
typically,โดยทั่วไป
spending,การใช้จ่าย
instrument,อุปกรณ์
mass,มวล
far,ไกล
thick,หนา
kiss,จูบ
increased,เพิ่มขึ้น
inspire,สร้างแรงบันดาลใจ
separate,แยก
noise,เสียงรบกวน
yellow,สีเหลือง
aim,จุดมุ่งหมาย
e-mail,อีเมล
cycle,รอบ
signal,สัญญาณ
app,แอป
golden,สีทอง
reject,ปฏิเสธ
inform,แจ้ง
perception,การรับรู้
visitor,ผู้มาเยือน
cast,หล่อ
contrast,ตัดกัน
judgment,การตัดสิน
mean,หมายถึง
rest,พักผ่อน
representative,ตัวแทน
pass,ผ่าน
regime,ระบอบการปกครอง
merely,เป็นเพียง
producer,ผู้ผลิต
whoa,โว้ว
route,เส้นทาง
lie,โกหก
typical,ทั่วไป
analyst,นักวิเคราะห์
account,บัญชี
elect,เลือก
smell,กลิ่น
female,หญิง
living,การดำรงชีวิต
disability,ความพิการ
comparison,การเปรียบเทียบ
hand,มือ
rating,การให้คะแนน
campus,วิทยาเขต
assess,ประเมิน
solid,แข็ง
branch,สาขา
mad,โกรธ
somewhat,ค่อนข้าง
gentleman,สุภาพบุรุษ
opposition,ฝ่ายค้าน
fast,เร็ว
suspect,สงสัย
land,ที่ดิน
hit,ตี
aside,นอกเหนือจาก
athlete,นักกีฬา
opening,การเปิด
prayer,คำอธิษฐาน
frequently,บ่อย
employ,จ้าง
basketball,บาสเกตบอล
existing,ที่มีอยู่เดิม
revolution,การปฎิวัติ
click,คลิก
emotion,อารมณ์
fuck,มีเพศสัมพันธ์
platform,แพลตฟอร์ม
behind,ด้านหลัง
frame,กรอบ
appeal,อุทธรณ์
quote,อ้าง
potential,ศักยภาพ
struggle,การต่อสู้
brand,ยี่ห้อ
enable,เปิดใช้งาน
legislation,การออกกฎหมาย
addition,ส่วนที่เพิ่มเข้าไป
lab,ห้องทดลอง
oppose,ต่อต้าน
row,แถว
immigration,การตรวจคนเข้าเมือง
asset,สินทรัพย์
observation,การสังเกตการณ์
online,ออนไลน์
taste,รสชาติ
decline,ปฏิเสธ
attract,ดึงดูด
ha,ฮา
for,สำหรับ
household,ครัวเรือน
separate,แยก
breathe,หายใจ
existence,การดำรงอยู่
mirror,กระจกเงา
pilot,นักบิน
stand,ยืน
relief,การบรรเทา
milk,น้ำนม
warning,คำเตือน
heaven,สวรรค์
flow,ไหล
literally,อย่างแท้จริง
quit,ล้มเลิก
calorie,แคลอรี่
seed,เมล็ด
vast,กว้างใหญ่
bike,จักรยาน
german,ชาวเยอรมัน
employer,นายจ้าง
drag,ลาก
technical,เกี่ยวกับเทคนิค
disaster,ภัยพิบัติ
display,แสดง
sale,ขาย
bathroom,ห้องน้ำ
succeed,สำเร็จ
consistent,สม่ำเสมอ
agenda,กำหนดการ
enforcement,การบังคับใช้
diet,อาหาร
mark,เครื่องหมาย
silence,ความเงียบ
journalist,นักข่าว
bible,คัมภีร์ไบเบิล
queen,ราชินี
divide,แบ่ง
expense,ค่าใช้จ่าย
cream,ครีม
exposure,การรับสัมผัสเชื้อ
priority,ลำดับความสำคัญ
soil,ดิน
angel,นางฟ้า
journey,การเดินทาง
trust,เชื่อมั่น
relevant,ที่เกี่ยวข้อง
tank,ถัง
cheese,ชีส
schedule,กำหนดการ
bedroom,ห้องนอน
tone,โทน
selection,การเลือก
date,วันที่
perfectly,อย่างสมบูรณ์
wheel,ล้อ
gap,ช่องว่าง
veteran,ทหารผ่านศึก
below,ด้านล่าง
disagree,ไม่เห็นด้วย
characteristic,มีลักษณะเฉพาะ
protein,โปรตีน
resolution,ปณิธาน
whole,ทั้งหมด
regard,คำนึงถึง
fewer,น้อยลง
engineer,วิศวกร
walk,เดิน
dish,จาน
waste,ของเสีย
print,พิมพ์
depression,ภาวะซึมเศร้า
dude,เพื่อน
fat,อ้วน
present,ปัจจุบัน
upper,ด้านบน
wrap,ห่อ
ceo,ผู้บริหารสูงสุด
visual,ภาพ
initiative,ความคิดริเริ่ม
rush,รีบ
gate,ประตู
slow,ช้า
whenever,เมื่อใดก็ตาม
entry,รายการ
japanese,ญี่ปุ่น
gray,สีเทา
assistance,ความช่วยเหลือ
height,ความสูง
compete,แข่งขัน
rule,กฎ
due,เนื่องจาก
essentially,เป็นหลัก
benefit,ผลประโยชน์
phase,ขั้นตอน
conservative,ซึ่งอนุรักษ์นิยม
recover,ฟื้นตัว
criticism,คำวิจารณ์
faculty,คณะ
achievement,ความสำเร็จ
alcohol,แอลกอฮอล์
therapy,การบำบัด
offense,ความผิด
touch,สัมผัส
killer,นักฆ่า
personality,บุคลิกภาพ
landscape,ภูมิประเทศ
deeply,ลึกล้ำ
reasonable,มีเหตุผล
soon,เร็วๆ นี้
suck,ดูด
transition,การเปลี่ยนแปลง
fairly,อย่างเป็นธรรม
column,คอลัมน์
wash,ล้าง
button,ปุ่ม
opponent,คู่ต่อสู้
pour,เท
immigrant,ผู้อพยพ
first,อันดับแรก
distribution,การกระจาย
golf,กอล์ฟ
pregnant,ตั้งครรภ์
unable,ไม่สามารถ
alternative,ทางเลือก
favorite,ที่ชื่นชอบ
stop,หยุด
violent,รุนแรง
portion,ส่วน
acquire,ได้รับ
suicide,การฆ่าตัวตาย
stretch,ยืด
deficit,การขาดดุล
symptom,อาการ
solar,แสงอาทิตย์
complaint,ร้องเรียน
capable,มีความสามารถ
analyze,วิเคราะห์
scared,กลัว
supporter,ผู้สนับสนุน
dig,ขุด
twenty,ยี่สิบ
pretend,แกล้งทำ
philosophy,ปรัชญา
childhood,วัยเด็ก
lower,ต่ำกว่า
well,ดี
outside,ข้างนอก
dark,มืด
wealth,ความมั่งคั่ง
welfare,สวัสดิการ
poverty,ความยากจน
prosecutor,อัยการ
spiritual,เกี่ยวกับจิตวิญญาณ
double,สองเท่า
evaluate,ประเมิน
mass,มวล
israeli,ชาวอิสราเอล
shift,กะ
reply,ตอบ
buck,เจ้าชู้
display,แสดง
knife,มีด
round,กลม
tech,เทค
detective,นักสืบ
pack,หีบห่อ
disorder,ความยุ่งเหยิง
creature,สิ่งมีชีวิต
tear,น้ำตา
closely,อย่างใกล้ชิด
industrial,ทางอุตสาหกรรม
housing,ที่อยู่อาศัย
watch,ดู
chip,ชิป
regardless,โดยไม่คำนึงถึง
numerous,มากมาย
tie,ผูก
range,พิสัย
command,สั่งการ
shooting,การยิง
dozen,โหล
pop,โผล่
layer,ชั้น
bread,ขนมปัง
exception,ข้อยกเว้น
passion,ความหลงใหล
block,ปิดกั้น
highway,ทางหลวง
pure,บริสุทธิ์
commander,ผู้บังคับบัญชา
extreme,สุดขีด
publication,สิ่งพิมพ์
vice,รอง
fellow,เพื่อน
win,ชนะ
mystery,ความลึกลับ
championship,การแข่งขันชิงแชมป์
install,ติดตั้ง
tale,นิทาน
liberty,เสรีภาพ
host,เจ้าภาพ
beneath,ข้างใต้
passenger,ผู้โดยสาร
physician,แพทย์
graduate,เรียนจบ
sharp,คม
substance,สาร
atmosphere,บรรยากาศ
stir,คน
muslim,มุสลิม
passage,ทางเดิน
pepper,พริกไทย
emphasize,เน้นย้ำ
cable,สายเคเบิล
square,สี่เหลี่ยม
recipe,สูตรอาหาร
load,การโหลด
beside,ข้าง
roof,หลังคา
vegetable,ผัก
accomplish,ทำให้สำเร็จ
silent,เงียบ
habit,นิสัย
discovery,การค้นพบ
total,ทั้งหมด
recovery,การกู้คืน
dna,ดีเอ็นเอ
gain,ได้รับ
territory,อาณาเขต
girlfriend,แฟน
consist,ประกอบด้วย
straight,ตรง
surely,อย่างแน่นอน
proof,การพิสูจน์
nervous,ประหม่า
immediate,ทันที
parking,ที่จอดรถ
sin,บาป
unusual,ผิดปกติ
rice,ข้าว
engineering,วิศวกรรม
advance,ก้าวหน้า
interview,สัมภาษณ์
bury,ฝัง
still,นิ่ง
cake,เค้ก
anonymous,ไม่ระบุชื่อ
flag,ธง
contemporary,ร่วมสมัย
good,ดี
jail,คุก
rural,ชนบท
match,จับคู่
coach,โค้ช
interpretation,การตีความ
wage,ค่าจ้าง
breakfast,อาหารเช้า
severe,รุนแรง
profile,ประวัติโดยย่อ
saving,ประหยัด
brief,รวบรัด
adjust,ปรับ
reduction,การลดน้อยลง
constantly,อย่างสม่ำเสมอ
assist,ช่วยเหลือ
bitch,ผู้หญิงเลว
constant,คงที่
permit,อนุญาต
primarily,โดยเฉพาะอย่างยิ่ง
entertainment,ความบันเทิง
shout,ตะโกน
academy,สถาบันการศึกษา
teaspoon,ช้อนชา
dream,ฝัน
transfer,โอนย้าย
usual,ตามปกติ
ally,พันธมิตร
clinical,เกี่ยวกับคลินิก
count,นับ
swear,สาบาน
avenue,ถนน
priest,นักบวช
employment,การจ้างงาน
waste,ของเสีย
relax,ผ่อนคลาย
owe,เป็นหนี้
transform,แปลง
grass,หญ้า
narrow,แคบ
ethnic,เกี่ยวกับชาติพันธุ์
scholar,นักวิชาการ
edition,รุ่น
abandon,ละทิ้ง
practical,ใช้ได้จริง
infection,การติดเชื้อ
musical,ดนตรี
suggestion,คำแนะนำ
resistance,ความต้านทาน
smoke,ควัน
prince,เจ้าชาย
illness,การเจ็บป่วย
embrace,โอบกอด
trade,ซื้อขาย
republic,สาธารณรัฐ
volunteer,อาสาสมัคร
target,เป้า
general,ทั่วไป
evaluation,การประเมิน
mine,ของฉัน
opposite,ตรงข้าม
awesome,สุดยอด
switch,สวิตช์
black,สีดำ
iraqi,อิรัก
iron,เหล็ก
perceive,รับรู้
fundamental,พื้นฐาน
phrase,วลี
assumption,การสันนิษฐาน
sand,ทราย
designer,นักออกแบบ
planning,การวางแผน
leading,เป็นผู้นำ
mode,โหมด
track,ติดตาม
respect,เคารพ
widely,อย่างกว้างขวาง
occasion,โอกาส
pose,ท่าทาง
approximately,ประมาณ
retire,เกษียณอายุ
elsewhere,ที่อื่น
festival,งานเทศกาล
cap,หมวก
secure,ปลอดภัย
attach,แนบ
mechanism,กลไก
intention,เจตนา
scenario,สถานการณ์
yell,ตะโกน
incredible,เหลือเชื่อ
spanish,ภาษาสเปน
strongly,อย่างเข้มงวด
racial,เกี่ยวกับเชื้อชาติ
transportation,การขนส่ง
pot,หม้อ
boyfriend,แฟน
consideration,การพิจารณา
prior,ก่อน
retirement,การเกษียณอายุ
rarely,นานๆ ครั้ง
joint,ร่วมกัน
doubt,สงสัย
preserve,อนุรักษ์
enormous,มหาศาล
cigarette,บุหรี่
factory,โรงงาน
valuable,มีค่า
clip,คลิป
electric,มีไฟฟ้า
giant,ยักษ์
slave,ทาส
submit,ส่ง
effectively,อย่างมีประสิทธิภาพ
christian,คริสเตียน
monitor,เฝ้าสังเกต
wonder,สิ่งมหัศจรรย์
resolve,แก้ไข
remaining,ที่เหลืออยู่
participation,การเข้าร่วม
stream,ลำธาร
rid,กำจัด
origin,ต้นทาง
teen,วัยรุ่น
particular,โดยเฉพาะ
congressional,เกี่ยวกับรัฐสภา
bind,ผูก
coat,เสื้อโค้ท
tower,หอคอย
license,ใบอนุญาต
twitter,Twitter
impose,กำหนด
innocent,ผู้บริสุทธิ์
curriculum,หลักสูตร
mail,ส่งจดหมาย
estimate,ประมาณการ
insight,ข้อมูลเชิงลึก
investigator,ผู้ตรวจสอบ
virus,ไวรัส
hurricane,พายุเฮอร์ริเคน
accurate,แม่นยำ
provision,ข้อกำหนด
strike,โจมตี
communicate,สื่อสาร
cross,ข้าม
vary,ต่างกันไป
jacket,เสื้อแจ็กเกต
increasing,ที่เพิ่มขึ้น
green,สีเขียว
equally,อย่างเท่าเทียมกัน
pay,จ่าย
in,ใน
light,แสงสว่าง
implication,ความหมาย
fiction,นิยาย
protest,ประท้วง
mama,แม่
imply,บอกเป็นนัย
twin,แฝด
pant,กางเกง
another,อื่น
ahead,ข้างหน้า
bend,โค้งงอ
shock,ทำให้ตกใจ
exercise,ออกกำลังกาย
criteria,เกณฑ์
arab,ชาวอาหรับ
dirty,สกปรก
ring,แหวน
toy,ของเล่น
potentially,อาจจะ
assault,จู่โจม
peak,จุดสูงสุด
anger,ความโกรธ
boot,รองเท้าบูท
dramatic,น่าทึ่ง
peer,เพียร์
enhance,ยกระดับ
math,คณิตศาสตร์
slide,เลื่อน
favor,ความโปรดปราน
pink,สีชมพู
dust,ฝุ่น
aunt,ป้า
lost,สูญหาย
prospect,โอกาส
mood,อารมณ์
mm-hmm,mm-hmm
settlement,การตั้งถิ่นฐาน
rather,ค่อนข้าง
justify,ให้เหตุผล
depth,ความลึก
juice,น้ำผลไม้
formal,เป็นทางการ
virtually,อย่างแท้จริง
gallery,แกลลอรี่
tension,ความเครียด
throat,คอ
draft,ร่าง
reputation,ชื่อเสียง
index,ดัชนี
normally,โดยทั่วไป
mess,ความยุ่งเหยิง
joy,ความสุข
steel,เหล็ก
motor,เครื่องยนต์
enterprise,องค์กร
salary,เงินเดือน
moreover,นอกจากนี้
giant,ยักษ์
cousin,ลูกพี่ลูกน้อง
ordinary,สามัญ
graduate,เรียนจบ
dozen,โหล
evolution,วิวัฒนาการ
so-called,ที่เรียกว่า
helpful,มีประโยชน์
competitive,การแข่งขัน
lovely,น่ารัก
fishing,การตกปลา
anxiety,ความวิตกกังวล
professional,มืออาชีพ
carbon,คาร์บอน
essay,เรียงความ
islamic,เกี่ยวกับอิสลาม
honor,ให้เกียรติ
drama,ละคร
odd,แปลก
evil,ความชั่วร้าย
stranger,คนแปลกหน้า
belt,เข็มขัด
urge,กระตุ้น
toss,โยน
fifth,ที่ห้า
formula,สูตร
potato,มันฝรั่ง
monster,สัตว์ประหลาด
smoke,ควัน
telephone,โทรศัพท์
rape,ข่มขืน
palm,ปาล์ม
jet,เครื่องบินไอพ่น
navy,กองทัพเรือ
excited,ตื่นเต้น
plot,พล็อต
angle,มุม
criticize,วิจารณ์
prisoner,นักโทษ
discipline,การลงโทษ
negotiation,การเจรจาต่อรอง
damn,สาปแช่ง
butter,เนย
desert,ทะเลทราย
complicated,ที่ซับซ้อน
prize,รางวัล
blind,ตาบอด
assign,กำหนด
bullet,กระสุนปืน
awareness,การรับรู้
sequence,ลำดับ
illustrate,อธิบาย
drop,หยด
pack,หีบห่อ
provider,ผู้ให้บริการ
fucking,ร่วมเพศ
minor,ส่วนน้อย
activist,นักเคลื่อนไหว
poem,บทกวี
vacation,วันหยุด
weigh,ชั่งน้ำหนัก
gang,แก๊ง
privacy,ความเป็นส่วนตัว
clock,นาฬิกา
arrange,จัด
penalty,การลงโทษ
stomach,ท้อง
concert,คอนเสิร์ต
originally,แต่เดิม
statistics,สถิติ
electronic,เกี่ยวกับอิเล็กทรอนิกส์
properly,อย่างถูกต้อง
bureau,สำนัก
wolf,หมาป่า
and/or,และ/หรือ
classic,คลาสสิค
recommendation,คำแนะนำ
exciting,น่าตื่นเต้น
maker,ผู้ผลิต
dear,ที่รัก
impression,ความประทับใจ
broken,แตกหัก
battery,แบตเตอรี่
narrative,เรื่องเล่า
process,กระบวนการ
arise,เกิดขึ้น
kid,เด็ก
sake,เหล้าสาเก
delivery,จัดส่ง
forgive,ให้อภัย
visible,มองเห็นได้
heavily,อย่างหนัก
junior,จูเนียร์
rep,ตัวแทน
diversity,ความหลากหลาย
string,สาย
lawsuit,คดีความ
latter,หลัง
cute,น่ารัก
deputy,รอง
restore,คืนค่า
buddy,เพื่อน
psychological,เกี่ยวกับจิตวิทยา
besides,นอกจาก
intense,เข้มข้น
friendly,เป็นกันเอง
evil,ความชั่วร้าย
lane,ช่องทาง
hungry,หิว
bean,ถั่ว
sauce,ซอส
print,พิมพ์
dominate,ครอบงำ
testing,การทดสอบ
trick,เล่ห์เหลี่ยม
fantasy,จินตนาการ
absence,ขาด
offensive,ก้าวร้าว
symbol,เครื่องหมาย
recognition,การยอมรับ
detect,ตรวจจับ
tablespoon,ช้อนโต๊ะ
construct,สร้าง
hmm,อืม
arrest,จับกุม
approval,การอนุมัติ
aids,เอดส์
whereas,ในทางตรงกันข้าม
defensive,การป้องกัน
independence,ความเป็นอิสระ
apologize,ขอโทษ
top,สูงสุด
asian,เอเชีย
rose,ดอกกุหลาบ
ghost,ผี
involvement,การมีส่วนร่วม
permanent,ถาวร
wire,ลวด
whisper,กระซิบ
mouse,หนู
airline,สายการบิน
founder,ผู้สร้าง
objective,วัตถุประสงค์
nowhere,ไม่มีที่ไหนเลย
alternative,ทางเลือก
phenomenon,ปรากฏการณ์
evolve,วิวัฒนาการ
not,ไม่
exact,ที่แน่นอน
silver,เงิน
cent,ร้อยละ
universal,สากล
teenager,วัยรุ่น
crucial,สำคัญ
viewer,ผู้ชม
schedule,กำหนดการ
ridiculous,น่าขัน
chocolate,ช็อคโกแลต
sensitive,อ่อนไหว
bottom,ด้านล่าง
grandmother,ยาย
missile,ขีปนาวุธ
roughly,อย่างคร่าวๆ
constitutional,เกี่ยวกับรัฐธรรมนูญ
adventure,การผจญภัย
genetic,ทางพันธุกรรม
advance,ก้าวหน้า
related,ที่เกี่ยวข้อง
swing,แกว่ง
ultimate,ขั้นสุดท้าย
manufacturer,ผู้ผลิต
unknown,ไม่รู้จัก
wipe,เช็ด
crop,พืชผล
survival,การอยู่รอด
line,เส้น
dimension,มิติ
resist,ต้านทาน
request,ขอ
roll,ม้วน
shape,รูปร่าง
darkness,ความมืดมิด
guarantee,รับประกัน
historic,เกี่ยวกับประวัติศาสตร์
educator,นักการศึกษา
rough,ขรุขระ
personnel,บุคลากร
race,แข่ง
confront,เผชิญหน้า
terrorist,ผู้ก่อการร้าย
royal,พระราชินี
elite,ผู้ลากมากดี
occupy,ครอบครอง
emphasis,เน้น
wet,เปียก
destruction,การทำลาย
raw,ดิบ
inner,ภายใน
proceed,ดำเนินการ
violate,ละเมิด
chart,แผนภูมิ
pace,ก้าว
finance,การเงิน
champion,แชมป์
snap,ตะครุบ
suspect,สงสัย
advise,ให้คำแนะนำ
initially,ในขั้นต้น
advanced,ขั้นสูง
unlikely,ไม่น่าเป็นไปได้
barrier,สิ่งกีดขวาง
advocate,สนับสนุน
label,ฉลาก
access,เข้าถึง
horrible,น่ากลัว
burden,ภาระ
violation,การละเมิด
unlike,ไม่เหมือนใคร
idiot,งี่เง่า
lifetime,ตลอดชีวิต
working,การทำงาน
fund,กองทุน
ongoing,อย่างต่อเนื่อง
react,ตอบโต้
routine,กิจวัตรประจำวัน
presentation,การนำเสนอ
supply,จัดหา
gear,เกียร์
photograph,ถ่ายภาพ
mexican,ชาวเม็กซิกัน
stadium,สนามกีฬา
translate,แปลภาษา
mortgage,จำนอง
sheriff,นายอำเภอ
clinic,คลินิก
spin,การหมุน
coalition,การรวมตัวกัน
naturally,ตามธรรมชาติ
hopefully,หวังว่า
mix,ผสม
menu,เมนู
smooth,เรียบ
advertising,การโฆษณา
interpret,ตีความ
plant,ปลูก
dismiss,อนุญาตให้ออกไป
muslim,มุสลิม
apparent,ชัดเจน
arrangement,การจัดเตรียม
incorporate,รวม
split,แยก
brilliant,ฉลาดหลักแหลม
storage,พื้นที่จัดเก็บ
framework,กรอบ
honestly,สุจริต
chase,ไล่ล่า
sigh,ถอนหายใจ
assure,รับรอง
utility,คุณประโยชน์
taste,รสชาติ
aggressive,ก้าวร้าว
cookie,คุกกี้
terror,ความหวาดกลัว
free,ฟรี
worth,คุณค่า
wealthy,ร่ำรวย
update,อัปเดต
forum,ฟอรัม
alliance,พันธมิตร
possess,มี
empire,จักรวรรดิ
curious,อยากรู้
corn,ข้าวโพด
neither,ไม่ใช่ทั้งสองอย่าง
calculate,คำนวณ
hurry,รีบ
testimony,คำให้การ
elementary,ระดับประถมศึกษา
transfer,โอนย้าย
stake,สเตค
precisely,แม่นยำ
bite,กัด
given,ที่ให้ไว้
substantial,รูปธรรม
depending,ขึ้นอยู่กับ
glance,ชำเลือง
tissue,เนื้อเยื่อ
concentration,ความเข้มข้น
developer,ผู้พัฒนา
found,พบ
ballot,บัตรลงคะแนน
consume,บริโภค
overcome,เอาชนะ
biological,เกี่ยวกับชีวภาพ
chamber,ห้อง
similarly,ในทำนองเดียวกัน
stick,ติด
dare,กล้า
developing,การพัฒนา
tiger,เสือ
ratio,อัตราส่วน
lover,คนรัก
expansion,การขยาย
encounter,เผชิญ
occasionally,เป็นครั้งคราว
unemployment,การว่างงาน
pet,สัตว์เลี้ยง
awful,แย่มาก
laboratory,ห้องปฏิบัติการ
administrator,ผู้ดูแลระบบ
wind,ลม
quarterback,กองหลัง
rocket,จรวด
preparation,การตระเตรียม
relative,ญาติ
confident,มั่นใจ
strategic,เชิงกลยุทธ์
marine,นาวิกโยธิน
quote,อ้าง
publisher,ผู้จัดพิมพ์
innovation,นวัตกรรม
highlight,เน้น
nut,ถั่ว
fighter,นักสู้
rank,จัดอันดับ
electricity,ไฟฟ้า
instance,ตัวอย่าง
fortune,โชค
freeze,แช่แข็ง
variation,การเปลี่ยนแปลง
armed,ติดอาวุธ
negotiate,ต่อรอง
laughter,เสียงหัวเราะ
wisdom,ภูมิปัญญา
correspondent,ผู้สื่อข่าว
mixture,ส่วนผสม
murder,การฆาตกรรม
assistant,ผู้ช่วย
retain,รักษาไว้
tomato,มะเขือเทศ
indian,เกี่ยวกับประเทศอินเดีย
testify,เป็นพยาน
ingredient,วัตถุดิบ
since,เนื่องจาก
galaxy,กาแล็กซี่
qualify,มีคุณสมบัติ
scheme,แผนการ
gop,GOP
shame,ความอัปยศ
concentrate,สมาธิ
contest,การประกวด
introduction,การแนะนำ
boundary,เขตแดน
tube,หลอด
versus,เมื่อเทียบกับ
chef,พ่อครัว
regularly,เป็นประจำ
ugly,น่าเกลียด
screw,สกรู
load,การโหลด
tongue,ลิ้น
palestinian,ชาวปาเลสไตน์
fiscal,เกี่ยวกับการคลัง
creek,ลำห้วย
hip,สะโพก
accompany,มาพร้อมกับ
decline,ปฏิเสธ
terrorism,การก่อการร้าย
respondent,ผู้ตอบ
narrator,ผู้บรรยาย
voting,การออกเสียง
refugee,ผู้ลี้ภัย
assembly,การประกอบ
fraud,การฉ้อโกง
limitation,ข้อ จำกัด
house,บ้าน
partnership,การเป็นหุ้นส่วน
store,เก็บ
crash,ชน
surprise,เซอร์ไพรส์
representation,การเป็นตัวแทน
hold,ถือ
ministry,กระทรวง
flat,แบน
wise,ฉลาด
witness,พยาน
excuse,ขอโทษ
register,ลงทะเบียน
comedy,เรื่องตลก
purchase,ซื้อ
tap,แตะ
infrastructure,โครงสร้างพื้นฐาน
organic,โดยธรรมชาติ
islam,ศาสนาอิสลาม
diverse,มีความหลากหลาย
favor,ความโปรดปราน
intellectual,เกี่ยวกับปัญญาชน
tight,แน่น
port,ท่าเรือ
fate,โชคชะตา
market,ตลาด
absolute,แน่นอน
dialogue,บทสนทนา
plus,บวก
frequency,ความถี่
tribe,เผ่า
external,ภายนอก
appointment,การนัดหมาย
convert,แปลง
surprising,น่าแปลกใจ
mobile,มือถือ
establishment,สถานประกอบการ
worried,กังวล
bye,ลาก่อน
shopping,ช้อปปิ้ง
celebrity,คนดัง
congressman,สมาชิกสภาคองเกรส
impress,ประทับใจ
taxpayer,ผู้เสียภาษี
adapt,ปรับ
publicly,อย่างเปิดเผย
pride,ความภาคภูมิใจ
clothing,เสื้อผ้า
rapidly,อย่างรวดเร็ว
domain,โดเมน
mainly,ส่วนใหญ่
ceiling,เพดาน
alter,เปลี่ยนแปลง
shelter,ที่หลบภัย
random,แบบสุ่ม
obligation,ภาระผูกพัน
shower,อาบน้ำ
beg,ขอ
asleep,นอนหลับ
musician,นักดนตรี
extraordinary,พิเศษ
dirt,สิ่งสกปรก
pc,พีซี
bell,กระดิ่ง
smell,กลิ่น
damage,ความเสียหาย
ceremony,พิธี
clue,เบาะแส
guideline,แนวทาง
comfort,ปลอบโยน
near,ใกล้
pregnancy,การตั้งครรภ์
borrow,ยืม
conventional,ธรรมดา
tourist,นักท่องเที่ยว
incentive,แรงจูงใจ
custom,กำหนดเอง
cheek,แก้ม
tournament,การแข่งขัน
double,สองเท่า
satellite,ดาวเทียม
nearby,ใกล้เคียง
comprehensive,ครอบคลุม
stable,มั่นคง
medication,ยา
script,สคริปต์
educate,ให้ความรู้
efficient,มีประสิทธิภาพ
risk,เสี่ยง
welcome,ยินดีต้อนรับ
scare,ทำให้ตกใจ
psychology,จิตวิทยา
logic,ตรรกะ
economics,เศรษฐศาสตร์
update,อัปเดต
nevertheless,แต่ถึงอย่างไร
devil,ปีศาจ
thirty,สามสิบ
beat,ตี
charity,การกุศล
fiber,เส้นใย
wave,คลื่น
ideal,ในอุดมคติ
friendship,มิตรภาพ
net,สุทธิ
motivation,แรงจูงใจ
differently,ต่างกัน
reserve,จอง
observer,ผู้สังเกตการณ์
humanity,มนุษยชาติ
survivor,ผู้รอดชีวิต
fence,รั้ว
quietly,อย่างเงียบ ๆ
humor,อารมณ์ขัน
major,วิชาเอก
funeral,งานศพ
spokesman,โฆษก
extension,ส่วนขยาย
loose,หลวม
sink,จม
historian,นักประวัติศาสตร์
ruin,ทำลาย
balance,สมดุล
chemical,เคมี
singer,นักร้อง
drunk,เมา
swim,ว่ายน้ำ
onion,หัวหอม
specialist,ผู้เชี่ยวชาญ
missing,หายไป
white,สีขาว
pan,กระทะ
distribute,แจกจ่าย
silly,โง่
deck,ดาดฟ้า
reflection,การสะท้อน
shortly,ในเวลาสั้น ๆ
database,ฐานข้อมูล
flow,ไหล
remote,ระยะไกล
permission,การอนุญาต
remarkable,น่าทึ่ง
everyday,ทุกวัน
lifestyle,วิถีชีวิต
sweep,กวาด
naked,เปลือยกาย
sufficient,เพียงพอ
lion,สิงโต
consumption,การบริโภค
capability,ความสามารถ
practice,ฝึกฝน
emission,การปล่อยมลพิษ
sidebar,แถบด้านข้าง
crap,อึ
dealer,ตัวแทนจำหน่าย
measurement,การวัด
vital,สำคัญยิ่ง
impressive,ประทับใจ
bake,อบ
fantastic,มหัศจรรย์
adviser,ผู้ให้คำปรึกษา
yield,ผลผลิต
mere,เป็นเพียง
imagination,จินตนาการ
radical,รุนแรง
tragedy,โศกนาฏกรรม
scary,น่ากลัว
consultant,ที่ปรึกษา
correct,ถูกต้อง
lieutenant,ผู้หมวด
upset,อารมณ์เสีย
attractive,มีเสน่ห์
acre,เอเคอร์
drawing,การวาดภาพ
defeat,ความพ่ายแพ้
newly,ใหม่
scandal,เรื่องอื้อฉาว
ambassador,เอกอัครราชทูต
ooh,Ooh
spot,จุด
content,เนื้อหา
round,กลม
bench,ม้านั่ง
guide,แนะนำ
counter,เคาน์เตอร์
chemical,เคมี
odds,การทำให้เสียเงิน
rat,หนู
horror,สยองขวัญ
appeal,อุทธรณ์
vulnerable,เปราะบาง
prevention,การป้องกัน
square,สี่เหลี่ยม
segment,ส่วน
ban,ห้าม
tail,หาง
constitute,ประกอบขึ้น
badly,ห่วย
bless,อวยพร
literary,วรรณกรรม
magic,มายากล
implementation,การดำเนินการ
legitimate,ถูกต้องตามกฎหมาย
slight,เล็กน้อย
crash,ชน
strip,เปลื้องผ้า
desperate,หมดหวัง
distant,ห่างไกล
preference,ความพึงใจ
politically,ทางการเมือง
feedback,ข้อเสนอแนะ
health-care,ดูแลสุขภาพ
criminal,อาชญากร
can,สามารถ
italian,ภาษาอิตาลี
detailed,มีรายละเอียด
buyer,ผู้ซื้อ
wrong,ผิด
cooperation,ความร่วมมือ
profession,วิชาชีพ
incredibly,เหลือเชื่อ
orange,ส้ม
killing,การสังหาร
sue,ฟ้อง
photographer,ช่างภาพ
running,วิ่ง
engagement,การว่าจ้าง
differ,แตกต่าง
paint,สี
pitch,ขว้าง
extensive,กว้างขวาง
salad,สลัด
stair,บันได
notice,สังเกต
grace,ความสง่างาม
divorce,หย่า
vessel,เรือ
pig,หมู
assignment,งานที่มอบหมาย
distinction,ความแตกต่าง
fit,พอดี
circuit,วงจร
acid,กรด
canadian,ชาวแคนาดา
flee,หลบหนี
efficiency,ประสิทธิภาพ
memorial,อนุสรณ์สถาน
proposed,ที่เสนอ
blue,สีฟ้า
entity,กิจการ
iphone,iPhone
punishment,การลงโทษ
pause,หยุดชั่วคราว
pill,ยา
rub,ถู
romantic,โรแมนติก
myth,ตำนาน
economist,นักเศรษฐศาสตร์
latin,ภาษาละติน
decent,เหมาะสม
assistant,ผู้ช่วย
craft,งานฝีมือ
poetry,บทกวี
terrorist,ผู้ก่อการร้าย
thread,เกลียว
wooden,ทำด้วยไม้
confuse,สับสน
subject,เรื่อง
privilege,สิทธิพิเศษ
coal,ถ่านหิน
fool,คนโง่
cow,วัว
characterize,ลักษณะ
pie,พาย
decrease,ลด
resort,รีสอร์ท
legacy,มรดก
re,อีกครั้ง
stress,ความเครียด
frankly,อย่างตรงไปตรงมา
matter,วัตถุ
cancel,ยกเลิก
derive,ได้มา
dumb,โง่
scope,ขอบเขต
formation,รูปแบบ
grandfather,ปู่
hence,เพราะฉะนั้น
wish,ปรารถนา
margin,ระยะขอบ
wound,แผล
exhibition,นิทรรศการ
legislature,สภานิติบัญญัติ
furthermore,นอกจากนี้
portrait,ภาพเหมือน
catholic,คาทอลิก
sustain,ยังชีพประคับประคอง
uniform,เครื่องแบบ
painful,เจ็บปวด
loud,ดัง
miracle,ความมหัศจรรย์
harm,อันตราย
zero,ศูนย์
tactic,เกี่ยวกับชั้นเชิง
mask,หน้ากาก
calm,เงียบสงบ
inflation,เงินเฟ้อ
hunting,การล่าสัตว์
physically,ทางร่างกาย
final,สุดท้าย
flesh,เนื้อ
temporary,ชั่วคราว
fellow,เพื่อน
nerve,เส้นประสาท
lung,ปอด
steady,สม่ำเสมอ
headline,พาดหัว
sudden,กะทันหัน
successfully,อย่างประสบความสำเร็จ
defendant,จำเลย
pole,เสา
satisfy,ทำให้พึงพอใจ
entrance,ทางเข้า
aircraft,อากาศยาน
withdraw,ถอน
cabinet,ตู้
relative,ญาติ
repeatedly,ซ้ำ ๆ
happiness,ความสุข
admission,การรับเข้า
correlation,ความสัมพันธ์
proportion,สัดส่วน
dispute,ข้อพิพาท
candy,ลูกอม
reward,รางวัล
counselor,ผู้ให้คำปรึกษา
recording,การบันทึก
pile,กอง
explosion,การระเบิด
appoint,แต่งตั้ง
couch,โซฟา
cognitive,เกี่ยวกับความรู้ความเข้าใจ
furniture,เฟอร์นิเจอร์
significance,ความสำคัญ
grateful,ปลื้มปีติ
magic,มายากล
suit,สูท
commissioner,ผู้บัญชาการ
shelf,ชั้นวาง
tremendous,ใหญ่โต
warrior,นักรบ
physics,ฟิสิกส์
garage,โรงรถ
flavor,รสชาติ
squeeze,บีบ
prominent,โดดเด่น
fifty,ห้าสิบ
fade,เลือนหายไป
oven,เตาอบ
satisfaction,ความพึงพอใจ
discrimination,การเลือกปฏิบัติ
recession,การถดถอย
allegation,ข้อกล่าวหา
boom,ความบูม
weekly,รายสัปดาห์
lately,เมื่อเร็วๆ นี้
restriction,ข้อ จำกัด
diamond,เพชร
document,เอกสาร
crack,แตก
conviction,ความเชื่อมั่น
heel,ส้น
fake,ปลอม
fame,ชื่อเสียง
shine,ส่องแสง
swing,แกว่ง
playoff,การท่องเที่ยว
actress,นักแสดงหญิง
cheat,โกง
format,รูปแบบ
controversy,การโต้เถียง
auto,รถยนต์
grant,ยินยอม
grocery,ร้านขายของชำ
headquarters,สำนักงานใหญ่
rip,ฉีก
rank,จัดอันดับ
shade,ร่มเงา
regulate,ควบคุม
meter,เมตร
olympic,โอลิมปิก
pipe,ท่อ
patient,อดทน
celebration,การเฉลิมฉลอง
handful,กำมือ
copyright,ลิขสิทธิ์
dependent,ขึ้นอยู่กับ
signature,ลายเซ็น
bishop,บาทหลวง
strengthen,เสริมสร้างความเข้มแข็ง
soup,ซุป
entitle,ให้สิทธิ์
whoever,ใครก็ตาม
carrier,ผู้ให้บริการ
anniversary,วันครบรอบปี
pizza,พิซซ่า
ethics,จริยธรรม
legend,ตำนาน
eagle,นกอินทรี
scholarship,ทุนการศึกษา
crack,แตก
research,วิจัย
membership,การเป็นสมาชิก
standing,การยืน
possession,การครอบครอง
treaty,สนธิสัญญา
partly,ส่วนหนึ่ง
consciousness,ความมีสติ
manufacturing,การผลิต
announcement,ประกาศ
tire,ยาง
no,เลขที่
makeup,แต่งหน้า
pop,โผล่
prediction,การทำนาย
stability,ความมั่นคง
trace,ติดตาม
norm,บรรทัดฐาน
irish,เกี่ยวกับไอริช
genius,อัจฉริยะ
gently,ค่อยๆ
operator,ผู้ดำเนินการ
mall,ห้างสรรพสินค้า
rumor,ข่าวลือ
poet,กวี
tendency,แนวโน้ม
subsequent,ภายหลัง
alien,คนต่างด้าว
explode,ระเบิด
cool,เย็น
controversial,เป็นที่ถกเถียง
maintenance,การซ่อมบำรุง
courage,ความกล้าหาญ
exceed,เกิน
tight,แน่น
principal,อาจารย์ใหญ่
vaccine,วัคซีน
identification,การระบุตัวตน
sandwich,แซนวิช
bull,วัว
lens,เลนส์
twelve,สิบสอง
mainstream,กระแสหลัก
presidency,ตำแหน่งประธานาธิบดี
integrity,ความซื่อสัตย์
distinct,แตกต่าง
intelligent,ฉลาด
secondary,รอง
bias,อคติ
hypothesis,สมมติฐาน
fifteen,สิบห้า
nomination,การเสนอชื่อ
delay,ล่าช้า
adjustment,การปรับ
sanction,การลงโทษ
render,ทำให้
shop,ร้านค้า
acceptable,ยอมรับได้
mutual,ซึ่งกันและกัน
high,สูง
examination,การตรวจสอบ
meaningful,มีความหมาย
communist,คอมมิวนิสต์
superior,ดีกว่า
currency,สกุลเงิน
collective,รวมกัน
tip,เคล็ดลับ
flame,เปลวไฟ
guitar,กีตาร์
doctrine,หลักคำสอน
palestinian,ชาวปาเลสไตน์
float,ลอย
commerce,การค้าขาย
invent,ประดิษฐ์
robot,หุ่นยนต์
rapid,รวดเร็ว
plain,ธรรมดา
respectively,ตามลำดับ
particle,อนุภาค
across,ข้าม
glove,ถุงมือ
till,จนถึง
edit,แก้ไข
moderate,ปานกลาง
jazz,แจ๊ส
infant,เด็กทารก
summary,สรุป
server,เซิร์ฟเวอร์
leather,หนัง
radiation,การฉายรังสี
prompt,แจ้ง
function,การทำงาน
composition,องค์ประกอบ
operating,การผ่าตัด
assert,ยืนยัน
case,กรณี
discourse,วาทกรรม
loud,ดัง
dump,ทิ้ง
net,สุทธิ
wildlife,สัตว์ป่า
soccer,ฟุตบอล
complex,ซับซ้อน
mandate,อาณัติ
monitor,เฝ้าสังเกต
downtown,ตัวเมือง
nightmare,ฝันร้าย
barrel,ถัง
homeless,ไม่มีที่อยู่อาศัย
globe,โลก
uncomfortable,อึดอัด
execute,ประหารชีวิต
feel,รู้สึก
trap,กับดัก
gesture,ท่าทาง
pale,ซีด
tent,เต็นท์
receiver,เครื่องรับสัญญาณ
horizon,ขอบฟ้า
diagnosis,การวินิจฉัย
considerable,มาก
gospel,พระกิตติคุณ
automatically,โดยอัตโนมัติ
fighting,การต่อสู้
stroke,จังหวะ
wander,เดินเล่น
duck,เป็ด
grain,ข้าว
beast,สัตว์ร้าย
concern,กังวล
remark,ข้อสังเกต
fabric,ผ้า
civilization,อารยธรรม
warm,อบอุ่น
corruption,คอรัปชั่น
collapse,ทรุด
ma'am,แหม่ม
greatly,อย่างยิ่งใหญ่
workshop,การประชุมเชิงปฏิบัติการ
inquiry,การสอบถาม
cd,ซีดี
admire,ชื่นชม
exclude,ไม่รวม
rifle,ปืนไรเฟิล
closet,ตู้เสื้อผ้า
reporting,การรายงาน
curve,โค้ง
patch,ปะ
touchdown,ทัชดาวน์
experimental,เกี่ยวกับการทดลอง
earnings,รายได้
hunter,นักล่า
fly,บิน
tunnel,อุโมงค์
corps,กองทหาร
behave,ประพฤติ
rent,เช่า
german,ชาวเยอรมัน
motivate,กระตุ้น
attribute,คุณลักษณะ
elderly,ผู้สูงอายุ
virtual,เสมือน
minimum,ขั้นต่ำสุด
weakness,ความอ่อนแอ
progressive,ความก้าวหน้า
doc,เอกสาร
medium,ปานกลาง
virtue,คุณธรรม
ounce,ออนซ์
collapse,ทรุด
delay,ล่าช้า
athletic,เกี่ยวกับกีฬา
confusion,ความสับสน
legislative,เกี่ยวกับกฎหมาย
facilitate,อำนวยความสะดวก
midnight,เที่ยงคืน
deer,กวาง
way,ทาง
undergo,ผ่าน
heritage,มรดก
summit,การประชุมสุดยอด
sword,ดาบ
telescope,กล้องโทรทรรศน์
donate,บริจาค
blade,ใบมีด
toe,นิ้วเท้า
agriculture,เกษตรกรรม
park,สวน
enforce,บังคับ
recruit,สรรหาคน
favor,ความโปรดปราน
dose,ปริมาณ
concerning,เกี่ยวกับ
integrate,รวม
rate,ประเมิน
pitch,ขว้าง
prescription,ใบสั่งยา
retail,ขายปลีก
adoption,การรับเป็นบุตรบุญธรรม
monthly,รายเดือน
deadly,มรณะ
grave,หลุมฝังศพ
rope,เชือก
reliable,เชื่อถือได้
label,ฉลาก
transaction,ธุรกรรม
lawn,สนามหญ้า
consistently,อย่างสม่ำเสมอ
mount,ติดตั้ง
bubble,ฟอง
briefly,โดยสังเขป
absorb,ดูดซับ
princess,เจ้าหญิง
log,บันทึก
blanket,ผ้าห่ม
laugh,หัวเราะ
kingdom,ราชอาณาจักร
anticipate,คาดหวัง
bug,ข้อผิดพลาด
primary,หลัก
dedicate,อุทิศ
nominee,ผู้ได้รับการเสนอชื่อ
transformation,การเปลี่ยนแปลง
temple,วัด
sense,ความรู้สึก
arrival,การมาถึง
frustration,แห้ว
changing,การเปลี่ยนแปลง
demonstration,สาธิต
pollution,มลพิษ
poster,โปสเตอร์
nail,เล็บ
nonprofit,ไม่แสวงหาผลกำไร
cry,ร้องไห้
guidance,คำแนะนำ
exhibit,จัดแสดง
pen,ปากกา
interrupt,ขัดจังหวะ
lemon,มะนาว
bankruptcy,การล้มละลาย
resign,ลาออก
dominant,ที่เด่น
invasion,การบุกรุก
sacred,ศักดิ์สิทธิ์
replacement,การเปลี่ยน
portray,ภาพ
hunt,ล่า
distinguish,แยกแยะ
melt,ละลาย
consensus,ฉันทามติ
kiss,จูบ
french,ภาษาฝรั่งเศส
hardware,ฮาร์ดแวร์
rail,ราง
cold,เย็น
mate,เพื่อน
dry,แห้ง
korean,เกาหลี
cabin,ห้องโดยสาร
dining,การรับประทานอาหาร
liberal,เสรีนิยม
snake,งู
tobacco,ยาสูบ
orientation,ปฐมนิเทศ
trigger,สิ่งกระตุ้น
wherever,ทุกที่
seize,ยึด
abuse,ใช้ในทางที่ผิด
mess,ความยุ่งเหยิง
punish,ลงโทษ
sexy,เซ็กซี่
depict,แสดงภาพ
input,ป้อนข้อมูล
seemingly,ดูเหมือน
widespread,แพร่หลาย
competitor,คู่แข่ง
flip,พลิก
freshman,น้องใหม่
donation,การบริจาค
administrative,เกี่ยวกับการบริหาร
donor,ผู้บริจาค
gradually,ค่อยๆ
overlook,มองข้าม
toilet,ห้องน้ำ
pleased,พึงพอใจ
resemble,คล้ายคลึงกับ
ideology,อุดมการณ์
glory,ความรุ่งโรจน์
maximum,ขีดสุด
organ,อวัยวะ
skip,ข้าม
starting,ที่เริ่มต้น
brush,แปรง
brick,อิฐ
gut,ลำไส้
reservation,การจอง
rebel,กบฏ
disappointed,ที่ผิดหวัง
oak,ต้นโอ๊ก
valid,ถูกต้อง
instructor,ผู้สอน
rescue,กู้ภัย
racism,การเหยียดเชื้อชาติ
pension,เงินบำนาญ
diabetes,โรคเบาหวาน
overall,โดยรวม
cluster,กลุ่ม
eager,กระตือรือร้น
marijuana,กัญชา
combat,การต่อสู้
praise,ชื่นชม
costume,ชุดแต่งกาย
sixth,ที่หก
frequent,บ่อย
inspiration,แรงบันดาลใจ
orange,ส้ม
concrete,คอนกรีต
cooking,การทำอาหาร
conspiracy,การกบฏ
trait,ลักษณะ
van,รถตู้
institutional,เกี่ยวกับสถาบัน
garlic,กระเทียม
drinking,การดื่ม
response,การตอบสนอง
crystal,คริสตัล
stretch,ยืด
pro,มือโปร
associate,เชื่อมโยง
helicopter,เฮลิคอปเตอร์
counsel,คำแนะนำ
equation,สมการ
roman,โรมัน
sophisticated,ช่ำชอง
timing,การกำหนดเวลา
pope,สมเด็จพระสันตะปาปา
opera,โอเปร่า
ethical,เกี่ยวกับจริยธรรม
mount,ติดตั้ง
indication,ข้อบ่งชี้
motive,แรงจูงใจ
porch,ระเบียง
reinforce,เสริมกำลัง
gaze,จ้องมอง
ours,ของเราเอง
lap,ตัก
written,เขียนไว้
reverse,ย้อนกลับ
starter,ผู้เริ่มต้น
injure,ทำร้าย
chronic,เรื้อรัง
continued,ต่อเนื่อง
exclusive,พิเศษ
colonel,พันเอก
copy,สำเนา
beef,เนื้อวัว
abroad,ต่างประเทศ
thanksgiving,ขอบคุณพระเจ้า
intensity,ความรุนแรง
desire,ความต้องการ
cave,ถ้ำ
basement,ชั้นใต้ดิน
associated,ที่เกี่ยวข้อง
unlike,ไม่เหมือนใคร
fascinating,น่าหลงใหล
interact,มีปฏิสัมพันธ์
illustration,ภาพประกอบ
daily,รายวัน
essence,แก่นแท้
container,คอนเทนเนอร์
driving,การขับรถ
stuff,สิ่งของ
dynamic,พลวัต
gym,โรงยิม
bat,ค้างคาว
plead,ขอร้อง
promotion,การส่งเสริม
uncertainty,ความไม่แน่นอน
ownership,ความเป็นเจ้าของ
officially,อย่างเป็นทางการ
tag,ติดแท็ก
documentary,สารคดี
stem,ลำต้น
flood,น้ำท่วม
guilt,ความรู้สึกผิด
inside,ข้างใน
alarm,เตือน
turkey,ไก่งวง
conduct,จัดการ
diagnose,วินิจฉัย
precious,ล้ำค่า
swallow,กลืน
initiate,ริเริ่ม
fitness,การออกกำลังกาย
restrict,จำกัด
gulf,อ่าว
advocate,สนับสนุน
mommy,แม่
unexpected,ไม่คาดคิด
shrug,ยัก
agricultural,เกี่ยวกับการเกษตร
sacrifice,เสียสละ
spectrum,คลื่นความถี่
dragon,มังกร
bacteria,แบคทีเรีย
shore,ชายฝั่ง
pastor,ศิษยาภิบาล
cliff,หน้าผา
ship,เรือ
adequate,เพียงพอ
rape,ข่มขืน
addition,ส่วนที่เพิ่มเข้าไป
tackle,การต่อสู้
occupation,อาชีพ
compose,แต่งเพลง
slice,ชิ้น
brave,กล้าหาญ
military,ทหาร
stimulus,สิ่งกระตุ้น
patent,สิทธิบัตร
powder,ผง
harsh,รุนแรง
chaos,ความวุ่นวาย
kit,ชุด
this,นี้
piano,เปียโน
surprisingly,อย่างน่าประหลาด
lend,ให้ยืม
correctly,อย่างถูกต้อง
project,โครงการ
govern,ปกครอง
modest,เจียมเนื้อเจียมตัว
shared,ซึ่งแบ่งแยก
psychologist,นักจิตวิทยา
servant,คนรับใช้
overwhelming,ล้นหลาม
elevator,ลิฟต์
hispanic,ภาษาสเปน
divine,เกี่ยวกับพระเจ้า
transmission,การแพร่เชื้อ
butt,ก้น
commonly,อย่างธรรมดา
cowboy,คาวบอย
ease,ผ่อนปรน
intent,ความตั้งใจ
counseling,การให้คำปรึกษา
gentle,อ่อนโยน
rhythm,จังหวะ
short,สั้น
complexity,ความซับซ้อน
nonetheless,อย่างไรก็ตาม
effectiveness,ประสิทธิผล
lonely,เหงา
statistical,เกี่ยวกับสถิติ
longtime,เวลานาน
strain,ความเครียด
firm,บริษัท
garbage,ขยะ
devote,อุทิศ
speed,ความเร็ว
venture,กิจการร่วมค้า
lock,ล็อค
aide,ผู้ช่วย
subtle,บอบบาง
rod,ไม้เท้า
top,สูงสุด
civilian,พลเรือน
t-shirt,เสื้อยืด
endure,อดทน
civilian,พลเรือน
basket,ตะกร้า
strict,เข้มงวด
loser,คนขี้แพ้
franchise,แฟรนไชส์
saint,นักบุญ
aim,จุดมุ่งหมาย
prosecution,การฟ้องร้องดำเนินคดี
bite,กัด
lyrics,เนื้อเพลง
compound,สารประกอบ
architecture,สถาปัตยกรรม
reach,เข้าถึง
destination,ปลายทาง
cope,รับมือ
province,จังหวัด
sum,ผลรวม
lecture,การบรรยาย
spill,หก
genuine,แท้จริง
upstairs,ชั้นบน
protest,ประท้วง
trading,การค้าขาย
please,โปรด
acceptance,การยอมรับ
revelation,การเปิดเผย
march,มีนาคม
indicator,ตัวบ่งชี้
collaboration,การทำงานร่วมกัน
rhetoric,เกี่ยวกับวาทศาสตร์
tune,ปรับแต่ง
slam,กระแทก
inevitable,หลีกเลี่ยงไม่ได้
monkey,ลิง
till,จนถึง
protocol,มาตรการ
productive,มีประสิทธิผล
principal,อาจารย์ใหญ่
finish,เสร็จ
jeans,ยีนส์
companion,เพื่อนร่วมงาน
convict,นักโทษ
boost,การเพิ่ม
recipient,ผู้รับ
practically,อย่างปฏิบัติ
array,อาร์เรย์
persuade,โน้มน้าว
undermine,บ่อนทำลาย
yep,ใช่
ranch,ฟาร์มปศุสัตว์
scout,ลูกเสือ
medal,เหรียญ
endless,ไม่มีที่สิ้นสุด
translation,การแปล
ski,สกี
conservation,การอนุรักษ์
habitat,ที่อยู่อาศัย
contractor,ผู้รับเหมา
trailer,รถเทรลเลอร์
pitcher,เหยือก
towel,ผ้าขนหนู
goodbye,ลาก่อน
harm,อันตราย
bonus,โบนัส
dramatically,อย่างมาก
genre,ประเภท
caller,ผู้โทรหา
exit,การออก
hook,ตะขอ
behavioral,เกี่ยวกับพฤติกรรม
omit,ละเว้น
pit,หลุม
volunteer,อาสาสมัคร
boring,น่าเบื่อ
hook,ตะขอ
suspend,ระงับ
cholesterol,คอเลสเตอรอล
closed,ปิด
advertisement,โฆษณา
bombing,การวางระเบิด
consult,ปรึกษา
encounter,เผชิญ
expertise,ความเชี่ยวชาญ
creator,ผู้สร้าง
peaceful,สงบ
upset,อารมณ์เสีย
provided,ที่ให้ไว้
tablet,ยาเม็ด
blow,เป่า
ruling,การปกครอง
launch,ปล่อย
warming,ความร้อน
equity,ทุน
rational,มีเหตุผล
classic,คลาสสิค
utilize,ใช้ประโยชน์
pine,ต้นสน
past,อดีต
bitter,ขม
guard,อารักขา
surgeon,ศัลยแพทย์
affordable,ซื้อได้
tennis,เทนนิส
artistic,ศิลปะ
download,การดาวน์โหลด
suffering,ความทุกข์
accuracy,ความแม่นยำ
literacy,การรู้หนังสือ
treasury,คลังสมบัติ
talented,มีความสามารถ
crown,มงกุฎ
importantly,อย่างสำคัญ
bare,เปลือย
invisible,ล่องหน
sergeant,จ่า
regulatory,เกี่ยวกับกฎระเบียบ
thumb,นิ้วโป้ง
colony,อาณานิคม
walking,ที่เดิน
accessible,เข้าถึงได้
damn,สาปแช่ง
integration,การรวมเข้าด้วยกัน
spouse,คู่สมรส
award,รางวัล
excitement,ความตื่นเต้น
residence,ที่อยู่อาศัย
bold,ตัวหนา
adolescent,วัยรุ่น
greek,กรีก
doll,ตุ๊กตา
oxygen,ออกซิเจน
finance,การเงิน
gravity,แรงโน้มถ่วง
functional,การทำงาน
palace,วัง
echo,ก้อง
cotton,ฝ้าย
rescue,กู้ภัย
estimated,โดยประมาณ
program,โปรแกรม
endorse,รับรอง
lawmaker,ผู้ร่างกฎหมาย
determination,การกำหนด
flash,แฟลช
simultaneously,พร้อมกัน
dynamics,การเปลี่ยนแปลง
shell,เปลือก
hint,คำใบ้
frame,กรอบ
administer,ดูแล
rush,รีบ
christianity,ศาสนาคริสต์
distract,ทำให้เบลอ
ban,ห้าม
alleged,ที่ถูกกล่าวหา
statute,พระราชบัญญัติ
value,ค่า
biology,ชีววิทยา
republican,พรรครีพับลิกัน
follower,ผู้ติดตาม
nasty,น่ารังเกียจ
evident,เห็นได้ชัด
prior,ก่อน
confess,สารภาพ
eligible,มีสิทธิ์
picture,รูปภาพ
rock,หิน
trap,กับดัก
consent,ยินยอม
pump,ปั๊ม
down,ลง
bloody,มีเลือด
hate,เกลียด
occasional,เป็นครั้งคราว
trunk,กระโปรงหลังรถ
prohibit,ห้าม
sustainable,ที่ยั่งยืน
belly,ท้อง
banking,การธนาคาร
asshole,ไอ้
journalism,วารสารศาสตร์
flash,แฟลช
average,เฉลี่ย
obstacle,อุปสรรค
ridge,สันเขา
heal,รักษา
bastard,ไอ้
cheer,เชียร์
apology,คำขอโทษ
tumor,เนื้องอก
architect,สถาปนิก
wrist,ข้อมือ
harbor,ท่าเรือ
handsome,หล่อ
bullshit,พล่าม
realm,อาณาจักร
bet,เดิมพัน
twist,บิด
inspector,ผู้ตรวจการ
surveillance,การเฝ้าระวัง
trauma,การบาดเจ็บ
rebuild,สร้างใหม่
romance,ความรัก
gross,ทั้งหมด
deadline,วันกำหนดส่ง
age,อายุ
classical,คลาสสิค
convey,ถ่ายทอด
compensation,ค่าตอบแทน
insect,แมลง
debate,อภิปราย
output,เอาท์พุท
parliament,รัฐสภา
suite,ห้องสวีท
opposed,ที่ชอบ
fold,พับ
separation,การแบ่งแยก
demon,ปีศาจ
eating,การกิน
structural,เกี่ยวกับโครงสร้าง
besides,นอกจาก
equality,ความเสมอภาค
logical,มีเหตุผล
probability,ความน่าจะเป็น
await,รอคอย
generous,ใจกว้าง
acquisition,การเข้าซื้อกิจการ
custody,การดูแล
compromise,ประนีประนอม
greet,ทักทาย
trash,ขยะ
judicial,เกี่ยวกับการพิจารณาคดี
earthquake,แผ่นดินไหว
insane,บ้า
realistic,เหมือนจริง
wake,ตื่น
assemble,รวมตัวกัน
necessity,ความจำเป็น
horn,แตร
parameter,พารามิเตอร์
grip,ด้ามจับ
modify,แก้ไข
signal,สัญญาณ
sponsor,ผู้สนับสนุน
mathematics,คณิตศาสตร์
hallway,ห้องโถง
african-american,แอฟริกันอเมริกัน
any,ใดๆ
liability,ความรับผิดชอบ
crawl,คลาน
theoretical,เกี่ยวกับทฤษฎี
condemn,กล่าวโทษ
fluid,ของเหลว
homeland,บ้านเกิด
technological,เกี่ยวกับเทคโนโลยี
exam,การสอบ
anchor,จุดยึด
spell,สะกด
considering,การพิจารณา
conscious,มีสติ
vitamin,วิตามิน
known,เป็นที่รู้จัก
hostage,ตัวประกัน
reserve,จอง
actively,อย่างกระตือรือร้น
mill,โรงสี
teenage,วัยรุ่น
respect,เคารพ
retrieve,สืบค้น
processing,กำลังประมวลผล
sentiment,ความเชื่อมั่น
offering,การเสนอขาย
oral,ปากเปล่า
convinced,มั่นใจ
photography,การถ่ายภาพ
coin,เหรียญ
laptop,แล็ปท็อป
bounce,การตีกลับ
goodness,ความดี
affiliation,การเข้าร่วม
punch,ต่อย
burst,ระเบิด
bee,ผึ้ง
blessing,การให้พร
command,สั่งการ
continuous,ต่อเนื่อง
above,ข้างบน
landing,การลงจอด
repair,ซ่อมแซม
worry,กังวล
ritual,พิธีกรรม
bath,อาบน้ำ
sneak,แอบ
historically,อย่างประวัติศาสตร์
mud,โคลน
scan,สแกน
reminder,เตือนความจำ
hers,ของเธอ
slavery,การเป็นทาส
supervisor,หัวหน้างาน
quantity,ปริมาณ
olympics,การแข่งขันกีฬาโอลิมปิก
pleasant,เพลิดเพลิน
slope,ความลาดชัน
skirt,กระโปรง
outlet,ทางออก
curtain,ม่าน
declaration,การประกาศ
seal,ผนึก
immune,มีภูมิคุ้มกัน
switch,สวิตช์
calendar,ปฏิทิน
paragraph,ย่อหน้า
identical,เหมือนกัน
credit,เครดิต
regret,เสียใจ
quest,การสืบเสาะ
flat,แบน
entrepreneur,ผู้ประกอบการ
specify,ระบุ
stumble,สะดุด
clay,ดินเหนียว
noon,กลางวัน
last,ล่าสุด
strip,เปลื้องผ้า
elbow,ข้อศอก
outstanding,โดดเด่น
uh-huh,เอ่อ
unity,ความสามัคคี
rent,เช่า
manipulate,จัดการ
airplane,เครื่องบิน
portfolio,ผลงาน
mysterious,ลึกลับ
delicious,อร่อย
northwest,ตะวันตกเฉียงเหนือ
sweat,เหงื่อ
profound,ลึกซึ้ง
sacrifice,เสียสละ
treasure,สมบัติ
flour,แป้ง
lightly,เบา ๆ
rally,การชุมนุม
default,ค่าเริ่มต้น
alongside,ข้างๆ
plain,ธรรมดา
hug,กอด
isolate,แยกออกจากกัน
exploration,การสำรวจ
secure,ปลอดภัย
limb,แขนขา
enroll,ลงทะเบียน
outer,ด้านนอก
charter,กฎบัตร
southwest,ตะวันตกเฉียงใต้
escape,หนี
arena,อารีน่า
witch,แม่มด
upcoming,ที่กำลังจะมาถึง
forty,สี่สิบ
someday,สักวันหนึ่ง
unite,รวมกัน
courtesy,มารยาท
statue,รูปปั้น
fist,กำปั้น
castle,ปราสาท
precise,แม่นยำ
squad,ทีม
cruise,ล่องเรือ
joke,เรื่องตลก
legally,อย่างถูกกฎหมาย
embassy,สถานทูต
patience,ความอดทน
medium,ปานกลาง
thereby,ด้วยเหตุนี้
bush,พุ่มไม้
purple,สีม่วง
peer,เพียร์
electrical,เกี่ยวกับไฟฟ้า
outfit,ชุดเสื้อผ้า
cage,กรง
retired,เกษียณแล้ว
shark,ฉลาม
lobby,ล็อบบี้
sidewalk,ทางเท้า
near,ใกล้
runner,นักวิ่ง
ankle,ข้อเท้า
attraction,สถานที่ท่องเที่ยว
fool,คนโง่
artificial,เทียม
mercy,ความเมตตา
indigenous,เป็นชนพื้นเมือง
slap,ตบ
tune,ปรับแต่ง
dancer,นักเต้น
candle,เทียน
sexually,ทางเพศ
needle,เข็ม
hidden,ที่ซ่อนอยู่
chronicle,พงศาวดาร
suburb,ชานเมือง
toxic,พิษ
underlying,ซึ่งอยู่
sensor,เซ็นเซอร์
deploy,ปรับใช้
debut,การเปิดตัว
star,ดาว
magnitude,ขนาด
suspicion,ความสงสัย
pro,มือโปร
colonial,เกี่ยวกับอาณานิคม
icon,ไอคอน
grandma,ยาย
info,ข้อมูล
jurisdiction,อำนาจศาล
iranian,เกี่ยวกับอิหร่าน
senior,อาวุโส
parade,ขบวนแห่
seal,ผนึก
archive,คลังเก็บเอกสารสำคัญ
gifted,มีพรสวรรค์
rage,ความโกรธ
outdoor,กลางแจ้ง
ending,การจบ
loop,วง
altogether,ทั้งหมด
chase,ไล่ล่า
burning,การเผา
reception,แผนกต้อนรับ
local,ท้องถิ่น
crush,บดขยี้
premise,หลักฐาน
deem,เห็นว่า
automatic,อัตโนมัติ
whale,วาฬ
mechanical,เกี่ยวกับกลไก
credibility,ความน่าเชื่อถือ
drain,ท่อระบายน้ำ
drift,ล่องลอย
loyalty,ความภักดี
promising,มีความสุข
tide,กระแสน้ำ
traveler,ผู้เดินทาง
grief,ความเศร้าโศก
metaphor,อุปมาอุปมัย
skull,กะโหลกศีรษะ
pursuit,การแสวงหา
therapist,นักบำบัดโรค
backup,การสำรอง
workplace,สถานที่ทำงาน
instinct,สัญชาตญาณ
export,ส่งออก
bleed,มีเลือดออก
shock,ทำให้ตกใจ
seventh,เจ็ด
fixed,ที่ตายตัว
broadcast,ออกอากาศ
disclose,เปิดเผย
execution,การประหารชีวิต
pal,เพื่อน
chuckle,ซิกซี้
pump,ปั๊ม
density,ความหนาแน่น
correction,การแก้ไข
representative,ตัวแทน
jump,กระโดด
repair,ซ่อมแซม
kinda,เล็กน้อย
relieve,คลาย
teammate,เพื่อนร่วมทีม
brush,แปรง
corridor,ทางเดิน
russian,ชาวรัสเซีย
enthusiasm,ความกระตือรือร้น
extended,ซึ่งขยายออกไป
root,ราก
alright,ใช้ได้
panic,ตื่นตกใจ
pad,แผ่น
bid,การเสนอราคา
mild,อ่อน
productivity,การผลิต
guess,เดา
tuck,เหน็บ
defeat,ความพ่ายแพ้
railroad,ทางรถไฟ
frozen,แช่แข็ง
minimize,ลดน้อยลง
amid,ท่ามกลาง
inspection,การตรวจสอบ
cab,แท็กซี่
expected,ที่คาดหวัง
nonsense,เรื่องไร้สาระ
leap,เผ่น
draft,ร่าง
rider,ผู้ขี่
theology,เทววิทยา
terrific,ยอดเยี่ยม
accent,สำเนียง
invitation,การเชิญ
reply,ตอบ
israeli,ชาวอิสราเอล
liar,คนโกหก
oversee,ดูแล
awkward,งุ่มง่าม
registration,การลงทะเบียน
suburban,ชานเมือง
handle,รับมือ
momentum,โมเมนตัม
instantly,ทันใดนั้น
clerk,พนักงาน
chin,คาง
hockey,ฮอกกี้
laser,เลเซอร์
proposition,ข้อเสนอ
rob,ปล้น
beam,ลำแสง
ancestor,บรรพบุรุษ
creativity,ความคิดสร้างสรรค์
verse,กลอน
casual,ไม่เป็นทางการ
objection,การคัดค้าน
clever,ฉลาด
given,ที่ให้ไว้
shove,ยัด
revolutionary,การปฏิวัติ
carbohydrate,คาร์โบไฮเดรต
steam,ไอน้ำ
reportedly,ตามรายงาน
glance,ชำเลือง
forehead,หน้าผาก
resume,ประวัติย่อ
slide,เลื่อน
sheep,แกะ
good,ดี
carpet,พรม
cloth,ผ้า
interior,ภายใน
full-time,เต็มเวลา
running,วิ่ง
questionnaire,แบบสอบถาม
compromise,ประนีประนอม
departure,การออกเดินทาง
behalf,ในนาม
graph,กราฟ
diplomatic,เกี่ยวกับการทูต
thief,ขโมย
herb,สมุนไพร
subsidy,เงินช่วยเหลือ
cast,หล่อ
fossil,ฟอสซิล
patrol,การลาดตระเวน
pulse,ชีพจร
mechanic,ช่างเครื่อง
cattle,วัวควาย
screening,การคัดกรอง
continuing,ต่อเนื่อง
electoral,เกี่ยวกับการเลือกตั้ง
supposedly,ตามที่คาดคะเน
dignity,ศักดิ์ศรี
prophet,ผู้เผยพระวจนะ
commentary,คำอธิบาย
sort,เรียงลำดับ
spread,การแพร่กระจาย
serving,การรับใช้
safely,อย่างปลอดภัย
homework,การบ้าน
allegedly,อย่างถูกกล่าวหา
android,Android
alpha,อัลฟ่า
insert,แทรก
mortality,การเสียชีวิต
contend,โต้แย้ง
elephant,ช้าง
solely,เท่านั้น
hurt,เจ็บ
continent,ทวีป
attribute,คุณลักษณะ
ecosystem,ระบบนิเวศ
leave,ออกจาก
nearby,ใกล้เคียง
olive,มะกอก
syndrome,กลุ่มอาการของโรค
minimum,ขั้นต่ำสุด
catch,จับ
abstract,เชิงนามธรรม
accusation,การกล่าวหา
coming,มา
sock,ถุงเท้า
pickup,หยิบ
shuttle,รถรับส่ง
improved,ที่ปรับปรุงแล้ว
calculation,การคำนวณ
innovative,นวัตกรรม
demographic,เกี่ยวกับประชากร
accommodate,รองรับ
jaw,กราม
unfair,ไม่ยุติธรรม
tragic,น่าเศร้า
comprise,ประกอบด้วย
faster,เร็วขึ้น
nutrition,โภชนาการ
mentor,ที่ปรึกษา
stance,ท่าที
rabbit,กระต่าย
pause,หยุดชั่วคราว
dot,จุด
contributor,ผู้สนับสนุน
cooperate,ร่วมมือ
disk,ดิสก์
hesitate,ลังเล
regard,คำนึงถึง
offend,ทำให้ขุ่นเคือง
exploit,ใช้ประโยชน์
compel,บังคับ
likelihood,ความเป็นไปได้
sibling,พี่น้อง
southeast,ตะวันออกเฉียงใต้
gorgeous,งดงาม
undertake,รับใช้
painter,จิตรกร
residential,ที่อยู่อาศัย
counterpart,คู่
believer,ผู้เชื่อ
lamp,โคมไฟ
inmate,ผู้ต้องขัง
thoroughly,ละเอียดถี่ถ้วน
trace,ติดตาม
freak,ประหลาด
filter,กรอง
pillow,หมอน
orbit,วงโคจร
purse,กระเป๋าเงิน
likewise,เช่นเดียวกัน
cease,หยุด
passing,การผ่าน
feed,ให้อาหาร
vanish,หายไป
instructional,เกี่ยวกับคำแนะนำ
clause,ข้อ
mentally,ทางจิตใจ
model,แบบอย่าง
left,ซ้าย
pond,บ่อน้ำ
neutral,เป็นกลาง
shield,โล่
popularity,ความนิยม
cartoon,การ์ตูน
authorize,อนุญาต
combined,รวมกัน
exhibit,จัดแสดง
sink,จม
graphic,กราฟิก
darling,ที่รัก
traditionally,ตามธรรมเนียม
vendor,ผู้ขาย
poorly,ไม่ดี
conceive,ตั้งครรภ์
opt,เลือก
descend,สืบเชื้อสายมา
firmly,แน่นหนา
beloved,เป็นที่รัก
openly,อย่างเปิดเผย
gathering,การชุมนุม
alien,คนต่างด้าว
stem,ลำต้น
fever,ไข้
preach,สั่งสอน
interfere,รบกวน
arrow,ลูกศร
required,ที่จำเป็น
capitalism,ทุนนิยม
kick,เตะ
fork,ส้อม
survey,สำรวจ
meantime,ในขณะเดียวกัน
presumably,อย่างน่าจะเป็นไปได้
position,ตำแหน่ง
racist,เหยียดผิว
stay,อยู่
illusion,ภาพลวงตา
removal,การกำจัด
anxious,กังวล
arab,ชาวอาหรับ
organism,สิ่งมีชีวิต
awake,ตื่น
sculpture,ประติมากรรม
spare,สำรอง
marine,นาวิกโยธิน
harassment,การล่วงละเมิด
drum,กลอง
diminish,ลดน้อยลง
helmet,หมวกนิรภัย
level,ระดับ
certificate,ใบรับรอง
tribal,เกี่ยวกับชนเผ่า
bad,แย่
mmm,อืมมม
sadly,เศร้า
cart,รถเข็น
spy,สอดแนม
sunlight,แสงแดด
delete,ลบ
rookie,มือใหม่
clarify,ชี้แจง
hunger,ความหิวโหย
practitioner,ผู้ปฏิบัติงาน
performer,นักแสดง
protective,ป้องกัน
jar,ไห
programming,การเขียนโปรแกรม
dawn,รุ่งอรุณ
salmon,แซลมอน
census,การสำรวจสำมะโนประชากร
pick,เลือก
accomplishment,ความสำเร็จ
conscience,มโนธรรม
fortunately,โชคดี
minimal,น้อยที่สุด
molecule,โมเลกุล
supportive,ซึ่งสนับสนุน
sole,เพียงผู้เดียว
threshold,เกณฑ์
inventory,รายการสิ่งของ
comply,ปฏิบัติตาม
monetary,เกี่ยวกับการเงิน
transport,ขนส่ง
shy,อาย
drill,เจาะ
influential,มีอิทธิพล
verbal,พูดด้วยวาจา
reward,รางวัล
ranking,การจัดอันดับ
gram,กรัม
grasp,เข้าใจ
puzzle,ปริศนา
envelope,ซองจดหมาย
heat,ความร้อน
classify,แบ่งประเภท
enact,ออกกฎหมาย
unfortunate,โชคร้าย
scatter,กระจาย
cure,รักษา
time,เวลา
dear,ที่รัก
slice,ชิ้น
readily,อย่างพร้อม
damn,สาปแช่ง
discount,การลดราคา
addiction,การติดยาเสพติด
emerging,ที่เกิดขึ้นใหม่
worthy,มีค่า
marker,เครื่องทำเครื่องหมาย
juror,ลูกขุน
mention,กล่าวถึง
blend,ผสมผสาน
businessman,นักธุรกิจ
premium,พรีเมี่ยม
retailer,ผู้ค้าปลีก
charge,ค่าใช้จ่าย
liver,ตับ
pirate,โจรสลัด
protester,ผู้ประท้วง
outlook,มุมมอง
elder,ผู้สูงอายุ
gallon,แกลลอน
additionally,นอกจากนี้
ignorance,ความไม่รู้
chemistry,เคมี
sometime,บางครั้ง
weed,วัชพืช
babe,ที่รัก
fraction,เศษส่วน
cook,ทำอาหาร
conversion,การแปลง
object,วัตถุ
tolerate,ทนต่อ
trail,เส้นทาง
drown,จมน้ำ
merit,บุญ
citizenship,การเป็นพลเมือง
coordinator,ผู้ประสานงาน
validity,ความถูกต้อง
european,เกี่ยวกับยุโรป
lightning,ฟ้าผ่า
turtle,เต่า
ambition,ความทะเยอทะยาน
worldwide,ทั่วโลก
sail,แล่นเรือ
added,ที่เพิ่มเข้ามา
delicate,ละเอียดอ่อน
comic,การ์ตูน
soap,สบู่
hostile,เป็นศัตรู
instruct,สั่งสอน
shortage,การขาดแคลน
useless,ไร้ประโยชน์
booth,บูธ
diary,ไดอารี่
gasp,อ้าปากค้าง
suspicious,สงสัย
transit,ทางผ่าน
excite,ตื่นเต้น
publishing,สำนักพิมพ์
curiosity,ความอยากรู้
grid,กริด
rolling,การกลิ้ง
bow,โค้งคำนับ
cruel,โหดร้าย
disclosure,การเปิดเผย
rival,คู่แข่ง
denial,การปฏิเสธ
secular,ฆราวาส
flood,น้ำท่วม
speculation,การเก็งกำไร
sympathy,ความเห็นอกเห็นใจ
tender,อ่อนโยน
inappropriate,ไม่เหมาะสม
o'clock,นาฬิกา
sodium,โซเดียม
divorce,หย่า
spring,ฤดูใบไม้ผลิ
bang,ปัง
challenging,ที่ท้าทาย
ipad,iPad
sack,กระสอบ
barn,โรงนา
reliability,ความน่าเชื่อถือ
hormone,ฮอร์โมน
footage,ภาพ
carve,แกะสลัก
alley,ซอย
ease,ผ่อนปรน
coastal,เกี่ยวกับชายฝั่ง
cafe,คาเฟ่
partial,บางส่วน
flexible,ยืดหยุ่นได้
experienced,มีประสบการณ์
mixed,ผสมกัน
vampire,แวมไพร์
optimistic,มองโลกในแง่ดี
dessert,ขนม
well-being,ความผาสุก
northeast,ภาคตะวันออกเฉียงเหนือ
specialize,เชี่ยวชาญ
fleet,กองเรือ
availability,ความพร้อม
compliance,การปฏิบัติตาม
pin,เข็มหมุด
pork,เนื้อหมู
astronomer,นักดาราศาสตร์
like,ชอบ
forbid,ห้าม
installation,การติดตั้ง
boil,ต้ม
nest,รัง
exclusively,โดยเฉพาะ
goat,แพะ
shallow,ตื้น
equip,ติดตั้ง
equivalent,เทียบเท่า
betray,ทรยศ
willingness,ความเต็มใจ
banker,นายธนาคาร
interval,ช่วงเวลา
gasoline,น้ำมันเบนซิน
encouraging,ให้กำลังใจ
rain,ฝน
exchange,แลกเปลี่ยน
bucket,ถัง
theft,การขโมย
laundry,ซักรีด
constraint,ข้อ จำกัด
dying,กำลังจะตาย
hatred,ความเกลียดชัง
jewelry,เครื่องประดับ
migration,การโยกย้าย
invention,สิ่งประดิษฐ์
loving,รักใคร่
revenge,แก้แค้น
unprecedented,ไม่เคยมีมาก่อน
outline,ร่าง
sheer,ที่แท้จริง
halloween,ฮัลโลวีน
sweetheart,หวานใจ
spit,น้ำลาย
lazy,ขี้เกียจ
intimate,ใกล้ชิด
defender,ผู้ปกป้อง
technically,อย่างมีเทคนิค
battle,การสู้รบ
cure,รักษา
peanut,ถั่วลิสง
unclear,ไม่ชัดเจน
piss,ปัสสาวะ
workout,ออกกำลังกาย
wilderness,ความเป็นป่า
compelling,น่าสนใจ
eleven,สิบเอ็ด
arm,แขน
backyard,สวนหลังบ้าน
alike,เหมือนกัน
partially,บางส่วน
transport,ขนส่ง
guardian,ผู้ปกครอง
passionate,หลงใหล
scripture,พระคัมภีร์
midst,ท่ามกลาง
ideological,เกี่ยวกับอุดมการณ์
apart,ห่างกัน
thrive,เจริญเติบโต
sensitivity,ความไว
trigger,สิ่งกระตุ้น
emotionally,อย่างมีอารมณ์
ignorant,ไม่รู้
explicitly,อย่างชัดเจน
unfold,แฉ
headache,ปวดศีรษะ
eternal,นิรันดร์
chop,สับ
ego,อาตมา
spectacular,งดงาม
deposit,เงินฝาก
verdict,คำตัดสิน
regard,คำนึงถึง
accountability,ความรับผิดชอบ
nominate,เสนอชื่อ
civic,เกี่ยวกับพลเมือง
uncover,เปิดเผย
critique,คำวิจารณ์
aisle,ทางเดิน
tropical,เขตร้อน
annually,ทุกปี
eighth,แปด
blast,ระเบิด
corrupt,ทำลาย
compassion,ความเมตตากรุณา
scratch,เกา
verify,ตรวจสอบ
offender,ผู้กระทำความผิด
inherit,สืบทอด
strive,พยายาม
downtown,ตัวเมือง
chunk,ก้อน
appreciation,ความกตัญญู
canvas,ผ้าใบ
punch,ต่อย
short-term,ช่วงเวลาสั้น ๆ
proceedings,การดำเนินการตามกฎหมาย
magical,วิเศษ
loyal,ซื่อสัตย์
aah,aah
desperately,หมดกำลังใจ
throne,บัลลังก์
brutal,โหดร้าย
spite,ทั้งสอง
propaganda,การโฆษณาชวนเชื่อ
irony,ประชดประชัน
soda,โซดา
projection,การฉายภาพ
dutch,ชาวดัตช์
parental,ผู้ปกครอง
disabled,พิการ
collector,นักสะสม
re-election,การเลือกตั้งใหม่
disappointment,ความผิดหวัง
comic,การ์ตูน
aid,การช่วยเหลือ
happily,อย่างมีความสุข
steep,สูงชัน
fancy,ไม่ธรรมดา
counter,เคาน์เตอร์
listener,ผู้ฟัง
whip,แส้
public,สาธารณะ
drawer,ลิ้นชัก
heck,แฮก
developmental,เกี่ยวกับการพัฒนา
ideal,ในอุดมคติ
ash,เถ้า
socially,เกี่ยวกับสังคม
courtroom,ห้องพิจารณาคดี
stamp,ประทับ
solo,เดี่ยว
trainer,ผู้ฝึกสอน
induce,ชักชวน
anytime,ตลอดเวลา
morality,คุณธรรม
syrian,เกี่ยวกับซีเรีย
pipeline,ท่อส่ง
bride,เจ้าสาว
instant,ทันที
spark,จุดประกาย
doorway,ทางเข้า
interface,อินเตอร์เฟซ
learner,ผู้เรียน
casino,คาสิโน
placement,การวางตำแหน่ง
cord,สาย
fan,พัดลม
conception,ความคิด
flexibility,ความยืดหยุ่น
thou,เจ้า
tax,ภาษี
elegant,สง่างาม
flaw,ข้อบกพร่อง
locker,ตู้เก็บของ
peel,ปอก
campaign,แคมเปญ
twist,บิด
spell,สะกด
objective,วัตถุประสงค์
plea,ข้ออ้างคำร้องขอ
goddamn,Goddamn
import,นำเข้า
stack,ซ้อนกัน
gosh,เอ้ย
philosophical,เกี่ยวกับปรัชญา
junk,ขยะ
bicycle,จักรยาน
vocal,เสียงร้อง
chew,เคี้ยว
destiny,โชคชะตา
ambitious,ทะเยอทะยาน
unbelievable,เหลือเชื่อ
vice,รอง
halfway,ครึ่งทาง
jealous,อิจฉา
sphere,ทรงกลม
invade,บุก
sponsor,ผู้สนับสนุน
excessive,มากเกินไป
countless,นับไม่ถ้วน
sunset,พระอาทิตย์ตก
interior,ภายใน
accounting,การบัญชี
faithful,ซื่อสัตย์
freely,อย่างอิสระ
extract,สารสกัด
adaptation,การปรับตัว
ray,เรย์
depressed,หดหู่
emperor,จักรพรรดิ
wagon,เกวียน
columnist,คอลัมนิสต์
jungle,ป่า
embarrassed,เขินอาย
trillion,ล้านล้าน
breeze,สายลม
blame,ตำหนิ
foster,อุปถัมภ์
venue,สถานที่จัดงาน
discourage,กีดกัน
disturbing,ซึ่งรบกวน
riot,จลาจล
isolation,การแยกตัว
explicit,ชัดเจน
commodity,สินค้า
attendance,การเข้าร่วม
tab,แท็บ
consequently,เพราะเหตุนี้
dough,แป้งโด
novel,นิยาย
streak,ริ้ว
silk,ผ้าไหม
similarity,ความคล้ายคลึงกัน
steak,สเต็ก
dancing,การเต้นรำ
petition,คำร้อง
viable,ทำงานได้
breathing,การหายใจ
mm,มม.
balloon,บอลลูน
monument,อนุสาวรีย์
try,พยายาม
cue,คิว
sleeve,ปลอกหุ้ม
toll,โทร
reluctant,ไม่เต็มใจ
warrant,รับรอง
stiff,แข็ง
tattoo,สัก
softly,เบา ๆ
sudden,กะทันหัน
graduation,การสำเร็จการศึกษา
japanese,ญี่ปุ่น
deliberately,อย่างจงใจ
consecutive,ติดต่อกัน
upgrade,อัพเกรด
associate,เชื่อมโยง
accurately,อย่างถูกต้อง
strictly,อย่างเคร่งครัด
leak,รั่ว
casualty,ผู้เสียชีวิต
risky,เสี่ยง
banana,กล้วย
blank,ว่างเปล่า
beneficial,เป็นประโยชน์
shrink,หด
chat,แชท
rack,ชั้น
rude,หยาบคาย
usage,การใช้งาน
testament,พินัยกรรม
browser,เบราว์เซอร์
processor,เครื่องประมวลผล
thigh,ต้นขา
perceived,ที่รับรู้
yield,ผลผลิต
talking,การพูด
merchant,พ่อค้า
quantum,ควอนตัม
eyebrow,คิ้ว
surrounding,รอบๆ
vocabulary,คำศัพท์
ashamed,ละอาย
eh,เอ๊ะ
radar,เรดาร์
stunning,น่าทึ่ง
murderer,ฆาตกร
burger,เบอร์เกอร์
collar,ปลอกคอ
align,จัดแนว
textbook,หนังสือเรียน
sensation,ความรู้สึก
afterward,หลังจากนั้น
charm,เสน่ห์
sunny,แดดจัด
hammer,ค้อน
keyboard,คีย์บอร์ด
persist,คงอยู่
wheat,ข้าวสาลี
predator,นักล่า
bizarre,แปลกประหลาด