,lemma
0,the
1,be
2,and
3,a
4,of
5,to
6,in
7,i
8,you
9,it
10,have
11,to
12,that
13,for
14,do
15,he
16,with
17,on
18,this
19,n't
20,we
21,that
22,not
23,but
24,they
25,say
26,at
27,what
28,his
29,from
30,go
31,or
32,by
33,get
34,she
35,my
36,can
37,as
38,know
39,if
40,me
41,your
42,all
43,who
44,about
45,their
46,will
47,so
48,would
49,make
50,just
51,up
52,think
53,time
54,there
55,see
56,her
57,as
58,out
59,one
60,come
61,people
62,take
63,year
64,him
65,them
66,some
67,want
68,how
69,when
70,which
71,now
72,like
73,other
74,could
75,our
76,into
77,here
78,then
79,than
80,look
81,way
82,more
83,these
84,no
85,thing
86,well
87,because
88,also
89,two
90,use
91,tell
92,good
93,first
94,man
95,day
96,find
97,give
98,more
99,new
100,one
101,us
102,any
103,those
104,very
105,her
106,need
107,back
108,there
109,should
110,even
111,only
112,many
113,really
114,work
115,life
116,why
117,right
118,down
119,on
120,try
121,let
122,something
123,too
124,call
125,woman
126,may
127,still
128,through
129,mean
130,after
131,never
132,no
133,world
134,in
135,feel
136,yeah
137,great
138,last
139,child
140,oh
141,over
142,ask
143,when
144,as
145,school
146,state
147,much
148,talk
149,out
150,keep
151,leave
152,put
153,like
154,help
155,big
156,where
157,same
158,all
159,own
160,while
161,start
162,three
163,high
164,every
165,another
166,become
167,most
168,between
169,happen
170,family
171,over
172,president
173,old
174,yes
175,house
176,show
177,again
178,student
179,so
180,seem
181,might
182,part
183,hear
184,its
185,place
186,problem
187,where
188,believe
189,country
190,always
191,week
192,point
193,hand
194,off
195,play
196,turn
197,few
198,group
199,such
200,against
201,run
202,guy
203,about
204,case
205,question
206,work
207,night
208,live
209,game
210,number
211,write
212,bring
213,without
214,money
215,lot
216,most
217,book
218,system
219,government
220,next
221,city
222,company
223,story
224,today
225,job
226,move
227,must
228,bad
229,friend
230,during
231,begin
232,love
233,each
234,hold
235,different
236,american
237,little
238,before
239,ever
240,word
241,fact
242,right
243,read
244,anything
245,nothing
246,sure
247,small
248,month
249,program
250,maybe
251,right
252,under
253,business
254,home
255,kind
256,stop
257,pay
258,study
259,since
260,issue
261,name
262,idea
263,room
264,percent
265,far
266,away
267,law
268,actually
269,large
270,though
271,provide
272,lose
273,power
274,kid
275,war
276,understand
277,head
278,mother
279,real
280,best
281,team
282,eye
283,long
284,long
285,side
286,water
287,young
288,wait
289,okay
290,both
291,yet
292,after
293,meet
294,service
295,area
296,important
297,person
298,hey
299,thank
300,much
301,someone
302,end
303,change
304,however
305,only
306,around
307,hour
308,everything
309,national
310,four
311,line
312,girl
313,around
314,watch
315,until
316,father
317,sit
318,create
319,information
320,car
321,learn
322,least
323,already
324,kill
325,minute
326,party
327,include
328,stand
329,together
330,back
331,follow
332,health
333,remember
334,often
335,reason
336,speak
337,ago
338,set
339,black
340,member
341,community
342,once
343,social
344,news
345,allow
346,win
347,body
348,lead
349,continue
350,whether
351,enough
352,spend
353,level
354,able
355,political
356,almost
357,boy
358,university
359,before
360,stay
361,add
362,later
363,change
364,five
365,probably
366,center
367,among
368,face
369,public
370,die
371,food
372,else
373,history
374,buy
375,result
376,morning
377,off
378,parent
379,office
380,course
381,send
382,research
383,walk
384,door
385,white
386,several
387,court
388,home
389,grow
390,better
391,open
392,moment
393,including
394,consider
395,both
396,such
397,little
398,within
399,second
400,late
401,street
402,free
403,better
404,everyone
405,policy
406,table
407,sorry
408,care
409,low
410,human
411,please
412,hope
413,TRUE
414,process
415,teacher
416,data
417,offer
418,death
419,whole
420,experience
421,plan
422,easy
423,education
424,build
425,expect
426,fall
427,himself
428,age
429,hard
430,sense
431,across
432,show
433,early
434,college
435,music
436,appear
437,mind
438,class
439,police
440,use
441,effect
442,season
443,tax
444,heart
445,son
446,art
447,possible
448,serve
449,break
450,although
451,end
452,market
453,even
454,air
455,force
456,require
457,foot
458,up
459,listen
460,agree
461,according
462,anyone
463,baby
464,wrong
465,love
466,cut
467,decide
468,republican
469,full
470,behind
471,pass
472,interest
473,sometimes
474,security
475,eat
476,report
477,control
478,rate
479,local
480,suggest
481,report
482,nation
483,sell
484,action
485,support
486,wife
487,decision
488,receive
489,value
490,base
491,pick
492,phone
493,thanks
494,event
495,drive
496,strong
497,reach
498,remain
499,explain
500,site
501,hit
502,pull
503,church
504,model
505,perhaps
506,relationship
507,six
508,fine
509,movie
510,field
511,raise
512,less
513,player
514,couple
515,million
516,themselves
517,record
518,especially
519,difference
520,light
521,development
522,federal
523,former
524,role
525,pretty
526,myself
527,view
528,price
529,effort
530,nice
531,quite
532,along
533,voice
534,finally
535,department
536,either
537,toward
538,leader
539,because
540,photo
541,wear
542,space
543,project
544,return
545,position
546,special
547,million
548,film
549,need
550,major
551,type
552,town
553,article
554,road
555,form
556,chance
557,drug
558,economic
559,situation
560,choose
561,practice
562,cause
563,happy
564,science
565,join
566,teach
567,early
568,develop
569,share
570,yourself
571,carry
572,clear
573,brother
574,matter
575,dead
576,image
577,star
578,cost
579,simply
580,post
581,society
582,picture
583,piece
584,paper
585,energy
586,personal
587,building
588,military
589,open
590,doctor
591,activity
592,exactly
593,american
594,media
595,miss
596,evidence
597,product
598,realize
599,save
600,arm
601,technology
602,catch
603,comment
604,look
605,term
606,color
607,cover
608,describe
609,guess
610,choice
611,source
612,mom
613,soon
614,director
615,international
616,rule
617,campaign
618,ground
619,election
620,face
621,uh
622,check
623,page
624,fight
625,itself
626,test
627,patient
628,produce
629,certain
630,whatever
631,half
632,video
633,support
634,throw
635,third
636,care
637,rest
638,recent
639,available
640,step
641,ready
642,opportunity
643,official
644,oil
645,call
646,organization
647,character
648,single
649,current
650,likely
651,county
652,future
653,dad
654,whose
655,less
656,shoot
657,industry
658,second
659,list
660,general
661,stuff
662,figure
663,attention
664,forget
665,risk
666,no
667,focus
668,short
669,fire
670,dog
671,red
672,hair
673,point
674,condition
675,wall
676,daughter
677,before
678,deal
679,author
680,truth
681,upon
682,husband
683,period
684,series
685,order
686,officer
687,close
688,land
689,note
690,computer
691,thought
692,economy
693,goal
694,bank
695,behavior
696,sound
697,deal
698,certainly
699,nearly
700,increase
701,act
702,north
703,well
704,blood
705,culture
706,medical
707,ok
708,everybody
709,top
710,difficult
711,close
712,language
713,window
714,response
715,population
716,lie
717,tree
718,park
719,worker
720,draw
721,plan
722,drop
723,push
724,earth
725,cause
726,per
727,private
728,tonight
729,race
730,than
731,letter
732,other
733,gun
734,simple
735,course
736,wonder
737,involve
738,hell
739,poor
740,each
741,answer
742,nature
743,administration
744,common
745,no
746,hard
747,message
748,song
749,enjoy
750,similar
751,congress
752,attack
753,past
754,hot
755,seek
756,amount
757,analysis
758,store
759,defense
760,bill
761,like
762,cell
763,away
764,performance
765,hospital
766,bed
767,board
768,protect
769,century
770,summer
771,material
772,individual
773,recently
774,example
775,represent
776,fill
777,state
778,place
779,animal
780,fail
781,factor
782,natural
783,sir
784,agency
785,usually
786,significant
787,help
788,ability
789,mile
790,statement
791,entire
792,democrat
793,floor
794,serious
795,career
796,dollar
797,vote
798,sex
799,compare
800,south
801,forward
802,subject
803,financial
804,identify
805,beautiful
806,decade
807,bit
808,reduce
809,sister
810,quality
811,quickly
812,act
813,press
814,worry
815,accept
816,enter
817,mention
818,sound
819,thus
820,plant
821,movement
822,scene
823,section
824,treatment
825,wish
826,benefit
827,interesting
828,west
829,candidate
830,approach
831,determine
832,resource
833,claim
834,answer
835,prove
836,sort
837,enough
838,size
839,somebody
840,knowledge
841,rather
842,hang
843,sport
844,tv
845,loss
846,argue
847,left
848,note
849,meeting
850,skill
851,card
852,feeling
853,despite
854,degree
855,crime
856,that
857,sign
858,occur
859,imagine
860,vote
861,near
862,king
863,box
864,present
865,figure
866,seven
867,foreign
868,laugh
869,disease
870,lady
871,beyond
872,discuss
873,finish
874,design
875,concern
876,ball
877,east
878,recognize
879,apply
880,prepare
881,network
882,huge
883,success
884,district
885,cup
886,name
887,physical
888,growth
889,rise
890,hi
891,standard
892,force
893,sign
894,fan
895,theory
896,staff
897,hurt
898,legal
899,september
900,set
901,outside
902,et
903,strategy
904,clearly
905,property
906,lay
907,final
908,authority
909,perfect
910,method
911,region
912,since
913,impact
914,indicate
915,safe
916,committee
917,supposed
918,dream
919,training
920,shit
921,central
922,option
923,eight
924,particularly
925,completely
926,opinion
927,main
928,ten
929,interview
930,exist
931,remove
932,dark
933,play
934,union
935,professor
936,pressure
937,purpose
938,stage
939,blue
940,herself
941,sun
942,pain
943,artist
944,employee
945,avoid
946,account
947,release
948,fund
949,environment
950,treat
951,specific
952,version
953,shot
954,hate
955,reality
956,visit
957,club
958,justice
959,river
960,brain
961,memory
962,rock
963,talk
964,camera
965,global
966,various
967,arrive
968,notice
969,bit
970,detail
971,challenge
972,argument
973,lot
974,nobody
975,weapon
976,best
977,station
978,island
979,absolutely
980,instead
981,discussion
982,instead
983,affect
984,design
985,little
986,anyway
987,respond
988,control
989,trouble
990,conversation
991,manage
992,close
993,date
994,public
995,army
996,top
997,post
998,charge
999,seat
1000,assume
1001,writer
1002,perform
1003,credit
1004,green
1005,marriage
1006,operation
1007,indeed
1008,sleep
1009,necessary
1010,reveal
1011,agent
1012,access
1013,bar
1014,debate
1015,leg
1016,contain
1017,beat
1018,cool
1019,democratic
1020,cold
1021,glass
1022,improve
1023,adult
1024,trade
1025,religious
1026,head
1027,review
1028,kind
1029,address
1030,association
1031,measure
1032,stock
1033,gas
1034,deep
1035,lawyer
1036,production
1037,relate
1038,middle
1039,management
1040,original
1041,victim
1042,cancer
1043,speech
1044,particular
1045,trial
1046,none
1047,item
1048,weight
1049,tomorrow
1050,step
1051,positive
1052,form
1053,citizen
1054,study
1055,trip
1056,establish
1057,executive
1058,politics
1059,stick
1060,customer
1061,manager
1062,rather
1063,publish
1064,popular
1065,sing
1066,ahead
1067,conference
1068,total
1069,discover
1070,fast
1071,base
1072,direction
1073,sunday
1074,maintain
1075,past
1076,majority
1077,peace
1078,dinner
1079,partner
1080,user
1081,above
1082,fly
1083,bag
1084,therefore
1085,rich
1086,individual
1087,tough
1088,owner
1089,shall
1090,inside
1091,voter
1092,tool
1093,june
1094,far
1095,may
1096,mountain
1097,range
1098,coach
1099,fear
1100,friday
1101,attorney
1102,unless
1103,nor
1104,expert
1105,structure
1106,budget
1107,insurance
1108,text
1109,freedom
1110,crazy
1111,reader
1112,style
1113,through
1114,march
1115,machine
1116,november
1117,generation
1118,income
1119,born
1120,admit
1121,hello
1122,onto
1123,sea
1124,okay
1125,mouth
1126,throughout
1127,own
1128,test
1129,web
1130,shake
1131,threat
1132,solution
1133,shut
1134,down
1135,travel
1136,scientist
1137,hide
1138,obviously
1139,refer
1140,alone
1141,drink
1142,investigation
1143,senator
1144,unit
1145,photograph
1146,july
1147,television
1148,key
1149,sexual
1150,radio
1151,prevent
1152,once
1153,modern
1154,senate
1155,violence
1156,touch
1157,feature
1158,audience
1159,evening
1160,whom
1161,front
1162,hall
1163,task
1164,score
1165,skin
1166,suffer
1167,wide
1168,spring
1169,experience
1170,civil
1171,safety
1172,weekend
1173,while
1174,worth
1175,title
1176,heat
1177,normal
1178,hope
1179,yard
1180,finger
1181,tend
1182,mission
1183,eventually
1184,participant
1185,hotel
1186,judge
1187,pattern
1188,break
1189,institution
1190,faith
1191,professional
1192,reflect
1193,folk
1194,surface
1195,fall
1196,client
1197,edge
1198,traditional
1199,council
1200,device
1201,firm
1202,environmental
1203,responsibility
1204,chair
1205,internet
1206,october
1207,by
1208,funny
1209,immediately
1210,investment
1211,ship
1212,effective
1213,previous
1214,content
1215,consumer
1216,element
1217,nuclear
1218,spirit
1219,directly
1220,afraid
1221,define
1222,handle
1223,track
1224,run
1225,wind
1226,lack
1227,cost
1228,announce
1229,journal
1230,heavy
1231,ice
1232,collection
1233,feed
1234,soldier
1235,just
1236,governor
1237,fish
1238,shoulder
1239,cultural
1240,successful
1241,fair
1242,trust
1243,suddenly
1244,future
1245,interested
1246,deliver
1247,saturday
1248,editor
1249,fresh
1250,anybody
1251,destroy
1252,claim
1253,critical
1254,agreement
1255,powerful
1256,researcher
1257,concept
1258,willing
1259,band
1260,marry
1261,promise
1262,easily
1263,restaurant
1264,league
1265,senior
1266,capital
1267,anymore
1268,april
1269,potential
1270,etc
1271,quick
1272,magazine
1273,status
1274,attend
1275,replace
1276,due
1277,hill
1278,kitchen
1279,achieve
1280,screen
1281,generally
1282,mistake
1283,along
1284,strike
1285,battle
1286,spot
1287,basic
1288,very
1289,corner
1290,target
1291,driver
1292,beginning
1293,religion
1294,crisis
1295,count
1296,museum
1297,engage
1298,communication
1299,murder
1300,blow
1301,object
1302,express
1303,huh
1304,encourage
1305,matter
1306,blog
1307,smile
1308,return
1309,belief
1310,block
1311,debt
1312,fire
1313,labor
1314,understanding
1315,neighborhood
1316,contract
1317,middle
1318,species
1319,additional
1320,sample
1321,involved
1322,inside
1323,mostly
1324,path
1325,concerned
1326,apple
1327,conduct
1328,god
1329,wonderful
1330,library
1331,prison
1332,hole
1333,attempt
1334,complete
1335,code
1336,sales
1337,gift
1338,refuse
1339,increase
1340,garden
1341,introduce
1342,roll
1343,christian
1344,definitely
1345,like
1346,lake
1347,turn
1348,sure
1349,earn
1350,plane
1351,vehicle
1352,examine
1353,application
1354,thousand
1355,coffee
1356,gain
1357,result
1358,file
1359,billion
1360,reform
1361,ignore
1362,welcome
1363,gold
1364,jump
1365,planet
1366,location
1367,bird
1368,amazing
1369,principle
1370,promote
1371,search
1372,nine
1373,alive
1374,possibility
1375,sky
1376,otherwise
1377,remind
1378,healthy
1379,fit
1380,horse
1381,advantage
1382,commercial
1383,steal
1384,basis
1385,context
1386,highly
1387,christmas
1388,strength
1389,move
1390,monday
1391,mean
1392,alone
1393,beach
1394,survey
1395,writing
1396,master
1397,cry
1398,scale
1399,resident
1400,football
1401,sweet
1402,failure
1403,reporter
1404,commit
1405,fight
1406,one
1407,associate
1408,vision
1409,function
1410,truly
1411,sick
1412,average
1413,human
1414,stupid
1415,will
1416,chinese
1417,connection
1418,camp
1419,stone
1420,hundred
1421,key
1422,truck
1423,afternoon
1424,responsible
1425,secretary
1426,apparently
1427,smart
1428,southern
1429,totally
1430,western
1431,collect
1432,conflict
1433,burn
1434,learning
1435,wake
1436,contribute
1437,ride
1438,british
1439,following
1440,order
1441,share
1442,newspaper
1443,foundation
1444,variety
1445,perspective
1446,document
1447,presence
1448,stare
1449,lesson
1450,limit
1451,appreciate
1452,complete
1453,observe
1454,currently
1455,hundred
1456,fun
1457,crowd
1458,attack
1459,apartment
1460,survive
1461,guest
1462,soul
1463,protection
1464,intelligence
1465,yesterday
1466,somewhere
1467,border
1468,reading
1469,terms
1470,leadership
1471,present
1472,chief
1473,attitude
1474,start
1475,um
1476,deny
1477,website
1478,seriously
1479,actual
1480,recall
1481,fix
1482,negative
1483,connect
1484,distance
1485,regular
1486,climate
1487,relation
1488,flight
1489,dangerous
1490,boat
1491,aspect
1492,grab
1493,until
1494,favorite
1495,like
1496,january
1497,independent
1498,volume
1499,am
1500,lots
1501,front
1502,online
1503,theater
1504,speed
1505,aware
1506,identity
1507,demand
1508,extra
1509,charge
1510,guard
1511,demonstrate
1512,fully
1513,tuesday
1514,facility
1515,farm
1516,mind
1517,fun
1518,thousand
1519,august
1520,hire
1521,light
1522,link
1523,shoe
1524,institute
1525,below
1526,living
1527,european
1528,quarter
1529,basically
1530,forest
1531,multiple
1532,poll
1533,wild
1534,measure
1535,twice
1536,cross
1537,background
1538,settle
1539,winter
1540,focus
1541,presidential
1542,operate
1543,fuck
1544,view
1545,daily
1546,shop
1547,above
1548,division
1549,slowly
1550,advice
1551,reaction
1552,injury
1553,it
1554,ticket
1555,grade
1556,wow
1557,birth
1558,painting
1559,outcome
1560,enemy
1561,damage
1562,being
1563,storm
1564,shape
1565,bowl
1566,commission
1567,captain
1568,ear
1569,troop
1570,female
1571,wood
1572,warm
1573,clean
1574,lead
1575,minister
1576,neighbor
1577,tiny
1578,mental
1579,software
1580,glad
1581,finding
1582,lord
1583,drive
1584,temperature
1585,quiet
1586,spread
1587,bright
1588,cut
1589,influence
1590,kick
1591,annual
1592,procedure
1593,respect
1594,wave
1595,tradition
1596,threaten
1597,primary
1598,strange
1599,actor
1600,blame
1601,active
1602,cat
1603,depend
1604,bus
1605,clothes
1606,affair
1607,contact
1608,category
1609,topic
1610,victory
1611,direct
1612,towards
1613,map
1614,egg
1615,ensure
1616,general
1617,expression
1618,past
1619,session
1620,competition
1621,possibly
1622,technique
1623,mine
1624,average
1625,intend
1626,impossible
1627,moral
1628,academic
1629,wine
1630,approach
1631,somehow
1632,gather
1633,scientific
1634,african
1635,cook
1636,participate
1637,gay
1638,appropriate
1639,youth
1640,dress
1641,straight
1642,weather
1643,recommend
1644,medicine
1645,novel
1646,obvious
1647,thursday
1648,exchange
1649,explore
1650,extend
1651,bay
1652,invite
1653,tie
1654,ah
1655,belong
1656,obtain
1657,broad
1658,conclusion
1659,progress
1660,surprise
1661,assessment
1662,smile
1663,feature
1664,cash
1665,defend
1666,pound
1667,correct
1668,married
1669,pair
1670,slightly
1671,loan
1672,village
1673,half
1674,suit
1675,demand
1676,historical
1677,meaning
1678,attempt
1679,supply
1680,lift
1681,ourselves
1682,honey
1683,bone
1684,consequence
1685,unique
1686,next
1687,regulation
1688,award
1689,bottom
1690,excuse
1691,familiar
1692,classroom
1693,search
1694,reference
1695,emerge
1696,long
1697,lunch
1698,judge
1699,ad
1700,desire
1701,instruction
1702,emergency
1703,thinking
1704,tour
1705,french
1706,combine
1707,moon
1708,sad
1709,address
1710,december
1711,anywhere
1712,chicken
1713,fuel
1714,train
1715,abuse
1716,construction
1717,wednesday
1718,link
1719,deserve
1720,famous
1721,intervention
1722,grand
1723,visit
1724,confirm
1725,lucky
1726,insist
1727,coast
1728,proud
1729,cover
1730,fourth
1731,cop
1732,angry
1733,native
1734,supreme
1735,baseball
1736,but
1737,email
1738,accident
1739,front
1740,duty
1741,growing
1742,struggle
1743,revenue
1744,expand
1745,chief
1746,launch
1747,trend
1748,ring
1749,repeat
1750,breath
1751,inch
1752,neck
1753,core
1754,terrible
1755,billion
1756,relatively
1757,complex
1758,press
1759,miss
1760,slow
1761,soft
1762,generate
1763,extremely
1764,last
1765,drink
1766,forever
1767,corporate
1768,deep
1769,prefer
1770,except
1771,cheap
1772,literature
1773,direct
1774,mayor
1775,male
1776,importance
1777,record
1778,danger
1779,emotional
1780,knee
1781,ass
1782,capture
1783,traffic
1784,fucking
1785,outside
1786,now
1787,train
1788,plate
1789,equipment
1790,select
1791,file
1792,studio
1793,expensive
1794,secret
1795,engine
1796,adopt
1797,luck
1798,via
1799,pm
1800,panel
1801,hero
1802,circle
1803,critic
1804,solve
1805,busy
1806,episode
1807,back
1808,check
1809,requirement
1810,politician
1811,rain
1812,colleague
1813,disappear
1814,beer
1815,predict
1816,exercise
1817,tired
1818,democracy
1819,ultimately
1820,setting
1821,honor
1822,works
1823,unfortunately
1824,theme
1825,issue
1826,male
1827,clean
1828,united
1829,pool
1830,educational
1831,empty
1832,comfortable
1833,investigate
1834,useful
1835,pocket
1836,digital
1837,plenty
1838,entirely
1839,fear
1840,afford
1841,sugar
1842,teaching
1843,conservative
1844,chairman
1845,error
1846,bridge
1847,tall
1848,specifically
1849,flower
1850,though
1851,universe
1852,live
1853,acknowledge
1854,limit
1855,coverage
1856,crew
1857,locate
1858,balance
1859,equal
1860,lip
1861,lean
1862,zone
1863,wedding
1864,copy
1865,score
1866,joke
1867,used
1868,clear
1869,bear
1870,meal
1871,review
1872,minority
1873,sight
1874,sleep
1875,russian
1876,dress
1877,release
1878,soviet
1879,profit
1880,challenge
1881,careful
1882,gender
1883,tape
1884,ocean
1885,unidentified
1886,host
1887,grant
1888,circumstance
1889,late
1890,boss
1891,declare
1892,domestic
1893,tea
1894,organize
1895,english
1896,neither
1897,either
1898,official
1899,surround
1900,manner
1901,surprised
1902,percentage
1903,massive
1904,cloud
1905,winner
1906,honest
1907,standard
1908,propose
1909,rely
1910,plus
1911,sentence
1912,request
1913,appearance
1914,regarding
1915,excellent
1916,criminal
1917,salt
1918,beauty
1919,bottle
1920,component
1921,under
1922,fee
1923,jewish
1924,yours
1925,dry
1926,dance
1927,shirt
1928,tip
1929,plastic
1930,indian
1931,mark
1932,tooth
1933,meat
1934,stress
1935,illegal
1936,significantly
1937,february
1938,constitution
1939,definition
1940,uncle
1941,metal
1942,album
1943,self
1944,suppose
1945,investor
1946,fruit
1947,holy
1948,desk
1949,eastern
1950,valley
1951,largely
1952,abortion
1953,chapter
1954,commitment
1955,celebrate
1956,arrest
1957,dance
1958,prime
1959,urban
1960,internal
1961,bother
1962,proposal
1963,shift
1964,capacity
1965,guilty
1966,warn
1967,influence
1968,weak
1969,except
1970,catholic
1971,nose
1972,variable
1973,convention
1974,jury
1975,root
1976,incident
1977,climb
1978,hearing
1979,everywhere
1980,payment
1981,bear
1982,conclude
1983,scream
1984,surgery
1985,shadow
1986,witness
1987,increasingly
1988,chest
1989,amendment
1990,paint
1991,secret
1992,complain
1993,extent
1994,pleasure
1995,nod
1996,holiday
1997,super
1998,talent
1999,necessarily
2000,liberal
2001,expectation
2002,ride
2003,accuse
2004,knock
2005,previously
2006,wing
2007,corporation
2008,sector
2009,fat
2010,experiment
2011,match
2012,thin
2013,farmer
2014,rare
2015,english
2016,confidence
2017,bunch
2018,bet
2019,cite
2020,northern
2021,speaker
2022,breast
2023,contribution
2024,leaf
2025,creative
2026,interaction
2027,hat
2028,doubt
2029,promise
2030,pursue
2031,overall
2032,nurse
2033,question
2034,long-term
2035,gene
2036,package
2037,weird
2038,difficulty
2039,hardly
2040,daddy
2041,estimate
2042,list
2043,era
2044,comment
2045,aid
2046,vs
2047,invest
2048,personally
2049,notion
2050,explanation
2051,airport
2052,chain
2053,expose
2054,lock
2055,convince
2056,channel
2057,carefully
2058,tear
2059,estate
2060,initial
2061,offer
2062,purchase
2063,guide
2064,forth
2065,his
2066,bond
2067,birthday
2068,travel
2069,pray
2070,improvement
2071,ancient
2072,ought
2073,escape
2074,trail
2075,brown
2076,fashion
2077,length
2078,sheet
2079,funding
2080,meanwhile
2081,fault
2082,barely
2083,eliminate
2084,motion
2085,essential
2086,apart
2087,combination
2088,limited
2089,description
2090,mix
2091,snow
2092,implement
2093,pretty
2094,proper
2095,part
2096,marketing
2097,approve
2098,other
2099,bomb
2100,slip
2101,regional
2102,lack
2103,muscle
2104,contact
2105,rise
2106,FALSE
2107,likely
2108,creation
2109,typically
2110,spending
2111,instrument
2112,mass
2113,far
2114,thick
2115,kiss
2116,increased
2117,inspire
2118,separate
2119,noise
2120,yellow
2121,aim
2122,e-mail
2123,cycle
2124,signal
2125,app
2126,golden
2127,reject
2128,inform
2129,perception
2130,visitor
2131,cast
2132,contrast
2133,judgment
2134,mean
2135,rest
2136,representative
2137,pass
2138,regime
2139,merely
2140,producer
2141,whoa
2142,route
2143,lie
2144,typical
2145,analyst
2146,account
2147,elect
2148,smell
2149,female
2150,living
2151,disability
2152,comparison
2153,hand
2154,rating
2155,campus
2156,assess
2157,solid
2158,branch
2159,mad
2160,somewhat
2161,gentleman
2162,opposition
2163,fast
2164,suspect
2165,land
2166,hit
2167,aside
2168,athlete
2169,opening
2170,prayer
2171,frequently
2172,employ
2173,basketball
2174,existing
2175,revolution
2176,click
2177,emotion
2178,fuck
2179,platform
2180,behind
2181,frame
2182,appeal
2183,quote
2184,potential
2185,struggle
2186,brand
2187,enable
2188,legislation
2189,addition
2190,lab
2191,oppose
2192,row
2193,immigration
2194,asset
2195,observation
2196,online
2197,taste
2198,decline
2199,attract
2200,ha
2201,for
2202,household
2203,separate
2204,breathe
2205,existence
2206,mirror
2207,pilot
2208,stand
2209,relief
2210,milk
2211,warning
2212,heaven
2213,flow
2214,literally
2215,quit
2216,calorie
2217,seed
2218,vast
2219,bike
2220,german
2221,employer
2222,drag
2223,technical
2224,disaster
2225,display
2226,sale
2227,bathroom
2228,succeed
2229,consistent
2230,agenda
2231,enforcement
2232,diet
2233,mark
2234,silence
2235,journalist
2236,bible
2237,queen
2238,divide
2239,expense
2240,cream
2241,exposure
2242,priority
2243,soil
2244,angel
2245,journey
2246,trust
2247,relevant
2248,tank
2249,cheese
2250,schedule
2251,bedroom
2252,tone
2253,selection
2254,date
2255,perfectly
2256,wheel
2257,gap
2258,veteran
2259,below
2260,disagree
2261,characteristic
2262,protein
2263,resolution
2264,whole
2265,regard
2266,fewer
2267,engineer
2268,walk
2269,dish
2270,waste
2271,print
2272,depression
2273,dude
2274,fat
2275,present
2276,upper
2277,wrap
2278,ceo
2279,visual
2280,initiative
2281,rush
2282,gate
2283,slow
2284,whenever
2285,entry
2286,japanese
2287,gray
2288,assistance
2289,height
2290,compete
2291,rule
2292,due
2293,essentially
2294,benefit
2295,phase
2296,conservative
2297,recover
2298,criticism
2299,faculty
2300,achievement
2301,alcohol
2302,therapy
2303,offense
2304,touch
2305,killer
2306,personality
2307,landscape
2308,deeply
2309,reasonable
2310,soon
2311,suck
2312,transition
2313,fairly
2314,column
2315,wash
2316,button
2317,opponent
2318,pour
2319,immigrant
2320,first
2321,distribution
2322,golf
2323,pregnant
2324,unable
2325,alternative
2326,favorite
2327,stop
2328,violent
2329,portion
2330,acquire
2331,suicide
2332,stretch
2333,deficit
2334,symptom
2335,solar
2336,complaint
2337,capable
2338,analyze
2339,scared
2340,supporter
2341,dig
2342,twenty
2343,pretend
2344,philosophy
2345,childhood
2346,lower
2347,well
2348,outside
2349,dark
2350,wealth
2351,welfare
2352,poverty
2353,prosecutor
2354,spiritual
2355,double
2356,evaluate
2357,mass
2358,israeli
2359,shift
2360,reply
2361,buck
2362,display
2363,knife
2364,round
2365,tech
2366,detective
2367,pack
2368,disorder
2369,creature
2370,tear
2371,closely
2372,industrial
2373,housing
2374,watch
2375,chip
2376,regardless
2377,numerous
2378,tie
2379,range
2380,command
2381,shooting
2382,dozen
2383,pop
2384,layer
2385,bread
2386,exception
2387,passion
2388,block
2389,highway
2390,pure
2391,commander
2392,extreme
2393,publication
2394,vice
2395,fellow
2396,win
2397,mystery
2398,championship
2399,install
2400,tale
2401,liberty
2402,host
2403,beneath
2404,passenger
2405,physician
2406,graduate
2407,sharp
2408,substance
2409,atmosphere
2410,stir
2411,muslim
2412,passage
2413,pepper
2414,emphasize
2415,cable
2416,square
2417,recipe
2418,load
2419,beside
2420,roof
2421,vegetable
2422,accomplish
2423,silent
2424,habit
2425,discovery
2426,total
2427,recovery
2428,dna
2429,gain
2430,territory
2431,girlfriend
2432,consist
2433,straight
2434,surely
2435,proof
2436,nervous
2437,immediate
2438,parking
2439,sin
2440,unusual
2441,rice
2442,engineering
2443,advance
2444,interview
2445,bury
2446,still
2447,cake
2448,anonymous
2449,flag
2450,contemporary
2451,good
2452,jail
2453,rural
2454,match
2455,coach
2456,interpretation
2457,wage
2458,breakfast
2459,severe
2460,profile
2461,saving
2462,brief
2463,adjust
2464,reduction
2465,constantly
2466,assist
2467,bitch
2468,constant
2469,permit
2470,primarily
2471,entertainment
2472,shout
2473,academy
2474,teaspoon
2475,dream
2476,transfer
2477,usual
2478,ally
2479,clinical
2480,count
2481,swear
2482,avenue
2483,priest
2484,employment
2485,waste
2486,relax
2487,owe
2488,transform
2489,grass
2490,narrow
2491,ethnic
2492,scholar
2493,edition
2494,abandon
2495,practical
2496,infection
2497,musical
2498,suggestion
2499,resistance
2500,smoke
2501,prince
2502,illness
2503,embrace
2504,trade
2505,republic
2506,volunteer
2507,target
2508,general
2509,evaluation
2510,mine
2511,opposite
2512,awesome
2513,switch
2514,black
2515,iraqi
2516,iron
2517,perceive
2518,fundamental
2519,phrase
2520,assumption
2521,sand
2522,designer
2523,planning
2524,leading
2525,mode
2526,track
2527,respect
2528,widely
2529,occasion
2530,pose
2531,approximately
2532,retire
2533,elsewhere
2534,festival
2535,cap
2536,secure
2537,attach
2538,mechanism
2539,intention
2540,scenario
2541,yell
2542,incredible
2543,spanish
2544,strongly
2545,racial
2546,transportation
2547,pot
2548,boyfriend
2549,consideration
2550,prior
2551,retirement
2552,rarely
2553,joint
2554,doubt
2555,preserve
2556,enormous
2557,cigarette
2558,factory
2559,valuable
2560,clip
2561,electric
2562,giant
2563,slave
2564,submit
2565,effectively
2566,christian
2567,monitor
2568,wonder
2569,resolve
2570,remaining
2571,participation
2572,stream
2573,rid
2574,origin
2575,teen
2576,particular
2577,congressional
2578,bind
2579,coat
2580,tower
2581,license
2582,twitter
2583,impose
2584,innocent
2585,curriculum
2586,mail
2587,estimate
2588,insight
2589,investigator
2590,virus
2591,hurricane
2592,accurate
2593,provision
2594,strike
2595,communicate
2596,cross
2597,vary
2598,jacket
2599,increasing
2600,green
2601,equally
2602,pay
2603,in
2604,light
2605,implication
2606,fiction
2607,protest
2608,mama
2609,imply
2610,twin
2611,pant
2612,another
2613,ahead
2614,bend
2615,shock
2616,exercise
2617,criteria
2618,arab
2619,dirty
2620,ring
2621,toy
2622,potentially
2623,assault
2624,peak
2625,anger
2626,boot
2627,dramatic
2628,peer
2629,enhance
2630,math
2631,slide
2632,favor
2633,pink
2634,dust
2635,aunt
2636,lost
2637,prospect
2638,mood
2639,mm-hmm
2640,settlement
2641,rather
2642,justify
2643,depth
2644,juice
2645,formal
2646,virtually
2647,gallery
2648,tension
2649,throat
2650,draft
2651,reputation
2652,index
2653,normally
2654,mess
2655,joy
2656,steel
2657,motor
2658,enterprise
2659,salary
2660,moreover
2661,giant
2662,cousin
2663,ordinary
2664,graduate
2665,dozen
2666,evolution
2667,so-called
2668,helpful
2669,competitive
2670,lovely
2671,fishing
2672,anxiety
2673,professional
2674,carbon
2675,essay
2676,islamic
2677,honor
2678,drama
2679,odd
2680,evil
2681,stranger
2682,belt
2683,urge
2684,toss
2685,fifth
2686,formula
2687,potato
2688,monster
2689,smoke
2690,telephone
2691,rape
2692,palm
2693,jet
2694,navy
2695,excited
2696,plot
2697,angle
2698,criticize
2699,prisoner
2700,discipline
2701,negotiation
2702,damn
2703,butter
2704,desert
2705,complicated
2706,prize
2707,blind
2708,assign
2709,bullet
2710,awareness
2711,sequence
2712,illustrate
2713,drop
2714,pack
2715,provider
2716,fucking
2717,minor
2718,activist
2719,poem
2720,vacation
2721,weigh
2722,gang
2723,privacy
2724,clock
2725,arrange
2726,penalty
2727,stomach
2728,concert
2729,originally
2730,statistics
2731,electronic
2732,properly
2733,bureau
2734,wolf
2735,and/or
2736,classic
2737,recommendation
2738,exciting
2739,maker
2740,dear
2741,impression
2742,broken
2743,battery
2744,narrative
2745,process
2746,arise
2747,kid
2748,sake
2749,delivery
2750,forgive
2751,visible
2752,heavily
2753,junior
2754,rep
2755,diversity
2756,string
2757,lawsuit
2758,latter
2759,cute
2760,deputy
2761,restore
2762,buddy
2763,psychological
2764,besides
2765,intense
2766,friendly
2767,evil
2768,lane
2769,hungry
2770,bean
2771,sauce
2772,print
2773,dominate
2774,testing
2775,trick
2776,fantasy
2777,absence
2778,offensive
2779,symbol
2780,recognition
2781,detect
2782,tablespoon
2783,construct
2784,hmm
2785,arrest
2786,approval
2787,aids
2788,whereas
2789,defensive
2790,independence
2791,apologize
2792,top
2793,asian
2794,rose
2795,ghost
2796,involvement
2797,permanent
2798,wire
2799,whisper
2800,mouse
2801,airline
2802,founder
2803,objective
2804,nowhere
2805,alternative
2806,phenomenon
2807,evolve
2808,not
2809,exact
2810,silver
2811,cent
2812,universal
2813,teenager
2814,crucial
2815,viewer
2816,schedule
2817,ridiculous
2818,chocolate
2819,sensitive
2820,bottom
2821,grandmother
2822,missile
2823,roughly
2824,constitutional
2825,adventure
2826,genetic
2827,advance
2828,related
2829,swing
2830,ultimate
2831,manufacturer
2832,unknown
2833,wipe
2834,crop
2835,survival
2836,line
2837,dimension
2838,resist
2839,request
2840,roll
2841,shape
2842,darkness
2843,guarantee
2844,historic
2845,educator
2846,rough
2847,personnel
2848,race
2849,confront
2850,terrorist
2851,royal
2852,elite
2853,occupy
2854,emphasis
2855,wet
2856,destruction
2857,raw
2858,inner
2859,proceed
2860,violate
2861,chart
2862,pace
2863,finance
2864,champion
2865,snap
2866,suspect
2867,advise
2868,initially
2869,advanced
2870,unlikely
2871,barrier
2872,advocate
2873,label
2874,access
2875,horrible
2876,burden
2877,violation
2878,unlike
2879,idiot
2880,lifetime
2881,working
2882,fund
2883,ongoing
2884,react
2885,routine
2886,presentation
2887,supply
2888,gear
2889,photograph
2890,mexican
2891,stadium
2892,translate
2893,mortgage
2894,sheriff
2895,clinic
2896,spin
2897,coalition
2898,naturally
2899,hopefully
2900,mix
2901,menu
2902,smooth
2903,advertising
2904,interpret
2905,plant
2906,dismiss
2907,muslim
2908,apparent
2909,arrangement
2910,incorporate
2911,split
2912,brilliant
2913,storage
2914,framework
2915,honestly
2916,chase
2917,sigh
2918,assure
2919,utility
2920,taste
2921,aggressive
2922,cookie
2923,terror
2924,free
2925,worth
2926,wealthy
2927,update
2928,forum
2929,alliance
2930,possess
2931,empire
2932,curious
2933,corn
2934,neither
2935,calculate
2936,hurry
2937,testimony
2938,elementary
2939,transfer
2940,stake
2941,precisely
2942,bite
2943,given
2944,substantial
2945,depending
2946,glance
2947,tissue
2948,concentration
2949,developer
2950,found
2951,ballot
2952,consume
2953,overcome
2954,biological
2955,chamber
2956,similarly
2957,stick
2958,dare
2959,developing
2960,tiger
2961,ratio
2962,lover
2963,expansion
2964,encounter
2965,occasionally
2966,unemployment
2967,pet
2968,awful
2969,laboratory
2970,administrator
2971,wind
2972,quarterback
2973,rocket
2974,preparation
2975,relative
2976,confident
2977,strategic
2978,marine
2979,quote
2980,publisher
2981,innovation
2982,highlight
2983,nut
2984,fighter
2985,rank
2986,electricity
2987,instance
2988,fortune
2989,freeze
2990,variation
2991,armed
2992,negotiate
2993,laughter
2994,wisdom
2995,correspondent
2996,mixture
2997,murder
2998,assistant
2999,retain
3000,tomato
3001,indian
3002,testify
3003,ingredient
3004,since
3005,galaxy
3006,qualify
3007,scheme
3008,gop
3009,shame
3010,concentrate
3011,contest
3012,introduction
3013,boundary
3014,tube
3015,versus
3016,chef
3017,regularly
3018,ugly
3019,screw
3020,load
3021,tongue
3022,palestinian
3023,fiscal
3024,creek
3025,hip
3026,accompany
3027,decline
3028,terrorism
3029,respondent
3030,narrator
3031,voting
3032,refugee
3033,assembly
3034,fraud
3035,limitation
3036,house
3037,partnership
3038,store
3039,crash
3040,surprise
3041,representation
3042,hold
3043,ministry
3044,flat
3045,wise
3046,witness
3047,excuse
3048,register
3049,comedy
3050,purchase
3051,tap
3052,infrastructure
3053,organic
3054,islam
3055,diverse
3056,favor
3057,intellectual
3058,tight
3059,port
3060,fate
3061,market
3062,absolute
3063,dialogue
3064,plus
3065,frequency
3066,tribe
3067,external
3068,appointment
3069,convert
3070,surprising
3071,mobile
3072,establishment
3073,worried
3074,bye
3075,shopping
3076,celebrity
3077,congressman
3078,impress
3079,taxpayer
3080,adapt
3081,publicly
3082,pride
3083,clothing
3084,rapidly
3085,domain
3086,mainly
3087,ceiling
3088,alter
3089,shelter
3090,random
3091,obligation
3092,shower
3093,beg
3094,asleep
3095,musician
3096,extraordinary
3097,dirt
3098,pc
3099,bell
3100,smell
3101,damage
3102,ceremony
3103,clue
3104,guideline
3105,comfort
3106,near
3107,pregnancy
3108,borrow
3109,conventional
3110,tourist
3111,incentive
3112,custom
3113,cheek
3114,tournament
3115,double
3116,satellite
3117,nearby
3118,comprehensive
3119,stable
3120,medication
3121,script
3122,educate
3123,efficient
3124,risk
3125,welcome
3126,scare
3127,psychology
3128,logic
3129,economics
3130,update
3131,nevertheless
3132,devil
3133,thirty
3134,beat
3135,charity
3136,fiber
3137,wave
3138,ideal
3139,friendship
3140,net
3141,motivation
3142,differently
3143,reserve
3144,observer
3145,humanity
3146,survivor
3147,fence
3148,quietly
3149,humor
3150,major
3151,funeral
3152,spokesman
3153,extension
3154,loose
3155,sink
3156,historian
3157,ruin
3158,balance
3159,chemical
3160,singer
3161,drunk
3162,swim
3163,onion
3164,specialist
3165,missing
3166,white
3167,pan
3168,distribute
3169,silly
3170,deck
3171,reflection
3172,shortly
3173,database
3174,flow
3175,remote
3176,permission
3177,remarkable
3178,everyday
3179,lifestyle
3180,sweep
3181,naked
3182,sufficient
3183,lion
3184,consumption
3185,capability
3186,practice
3187,emission
3188,sidebar
3189,crap
3190,dealer
3191,measurement
3192,vital
3193,impressive
3194,bake
3195,fantastic
3196,adviser
3197,yield
3198,mere
3199,imagination
3200,radical
3201,tragedy
3202,scary
3203,consultant
3204,correct
3205,lieutenant
3206,upset
3207,attractive
3208,acre
3209,drawing
3210,defeat
3211,newly
3212,scandal
3213,ambassador
3214,ooh
3215,spot
3216,content
3217,round
3218,bench
3219,guide
3220,counter
3221,chemical
3222,odds
3223,rat
3224,horror
3225,appeal
3226,vulnerable
3227,prevention
3228,square
3229,segment
3230,ban
3231,tail
3232,constitute
3233,badly
3234,bless
3235,literary
3236,magic
3237,implementation
3238,legitimate
3239,slight
3240,crash
3241,strip
3242,desperate
3243,distant
3244,preference
3245,politically
3246,feedback
3247,health-care
3248,criminal
3249,can
3250,italian
3251,detailed
3252,buyer
3253,wrong
3254,cooperation
3255,profession
3256,incredibly
3257,orange
3258,killing
3259,sue
3260,photographer
3261,running
3262,engagement
3263,differ
3264,paint
3265,pitch
3266,extensive
3267,salad
3268,stair
3269,notice
3270,grace
3271,divorce
3272,vessel
3273,pig
3274,assignment
3275,distinction
3276,fit
3277,circuit
3278,acid
3279,canadian
3280,flee
3281,efficiency
3282,memorial
3283,proposed
3284,blue
3285,entity
3286,iphone
3287,punishment
3288,pause
3289,pill
3290,rub
3291,romantic
3292,myth
3293,economist
3294,latin
3295,decent
3296,assistant
3297,craft
3298,poetry
3299,terrorist
3300,thread
3301,wooden
3302,confuse
3303,subject
3304,privilege
3305,coal
3306,fool
3307,cow
3308,characterize
3309,pie
3310,decrease
3311,resort
3312,legacy
3313,re
3314,stress
3315,frankly
3316,matter
3317,cancel
3318,derive
3319,dumb
3320,scope
3321,formation
3322,grandfather
3323,hence
3324,wish
3325,margin
3326,wound
3327,exhibition
3328,legislature
3329,furthermore
3330,portrait
3331,catholic
3332,sustain
3333,uniform
3334,painful
3335,loud
3336,miracle
3337,harm
3338,zero
3339,tactic
3340,mask
3341,calm
3342,inflation
3343,hunting
3344,physically
3345,final
3346,flesh
3347,temporary
3348,fellow
3349,nerve
3350,lung
3351,steady
3352,headline
3353,sudden
3354,successfully
3355,defendant
3356,pole
3357,satisfy
3358,entrance
3359,aircraft
3360,withdraw
3361,cabinet
3362,relative
3363,repeatedly
3364,happiness
3365,admission
3366,correlation
3367,proportion
3368,dispute
3369,candy
3370,reward
3371,counselor
3372,recording
3373,pile
3374,explosion
3375,appoint
3376,couch
3377,cognitive
3378,furniture
3379,significance
3380,grateful
3381,magic
3382,suit
3383,commissioner
3384,shelf
3385,tremendous
3386,warrior
3387,physics
3388,garage
3389,flavor
3390,squeeze
3391,prominent
3392,fifty
3393,fade
3394,oven
3395,satisfaction
3396,discrimination
3397,recession
3398,allegation
3399,boom
3400,weekly
3401,lately
3402,restriction
3403,diamond
3404,document
3405,crack
3406,conviction
3407,heel
3408,fake
3409,fame
3410,shine
3411,swing
3412,playoff
3413,actress
3414,cheat
3415,format
3416,controversy
3417,auto
3418,grant
3419,grocery
3420,headquarters
3421,rip
3422,rank
3423,shade
3424,regulate
3425,meter
3426,olympic
3427,pipe
3428,patient
3429,celebration
3430,handful
3431,copyright
3432,dependent
3433,signature
3434,bishop
3435,strengthen
3436,soup
3437,entitle
3438,whoever
3439,carrier
3440,anniversary
3441,pizza
3442,ethics
3443,legend
3444,eagle
3445,scholarship
3446,crack
3447,research
3448,membership
3449,standing
3450,possession
3451,treaty
3452,partly
3453,consciousness
3454,manufacturing
3455,announcement
3456,tire
3457,no
3458,makeup
3459,pop
3460,prediction
3461,stability
3462,trace
3463,norm
3464,irish
3465,genius
3466,gently
3467,operator
3468,mall
3469,rumor
3470,poet
3471,tendency
3472,subsequent
3473,alien
3474,explode
3475,cool
3476,controversial
3477,maintenance
3478,courage
3479,exceed
3480,tight
3481,principal
3482,vaccine
3483,identification
3484,sandwich
3485,bull
3486,lens
3487,twelve
3488,mainstream
3489,presidency
3490,integrity
3491,distinct
3492,intelligent
3493,secondary
3494,bias
3495,hypothesis
3496,fifteen
3497,nomination
3498,delay
3499,adjustment
3500,sanction
3501,render
3502,shop
3503,acceptable
3504,mutual
3505,high
3506,examination
3507,meaningful
3508,communist
3509,superior
3510,currency
3511,collective
3512,tip
3513,flame
3514,guitar
3515,doctrine
3516,palestinian
3517,float
3518,commerce
3519,invent
3520,robot
3521,rapid
3522,plain
3523,respectively
3524,particle
3525,across
3526,glove
3527,till
3528,edit
3529,moderate
3530,jazz
3531,infant
3532,summary
3533,server
3534,leather
3535,radiation
3536,prompt
3537,function
3538,composition
3539,operating
3540,assert
3541,case
3542,discourse
3543,loud
3544,dump
3545,net
3546,wildlife
3547,soccer
3548,complex
3549,mandate
3550,monitor
3551,downtown
3552,nightmare
3553,barrel
3554,homeless
3555,globe
3556,uncomfortable
3557,execute
3558,feel
3559,trap
3560,gesture
3561,pale
3562,tent
3563,receiver
3564,horizon
3565,diagnosis
3566,considerable
3567,gospel
3568,automatically
3569,fighting
3570,stroke
3571,wander
3572,duck
3573,grain
3574,beast
3575,concern
3576,remark
3577,fabric
3578,civilization
3579,warm
3580,corruption
3581,collapse
3582,ma'am
3583,greatly
3584,workshop
3585,inquiry
3586,cd
3587,admire
3588,exclude
3589,rifle
3590,closet
3591,reporting
3592,curve
3593,patch
3594,touchdown
3595,experimental
3596,earnings
3597,hunter
3598,fly
3599,tunnel
3600,corps
3601,behave
3602,rent
3603,german
3604,motivate
3605,attribute
3606,elderly
3607,virtual
3608,minimum
3609,weakness
3610,progressive
3611,doc
3612,medium
3613,virtue
3614,ounce
3615,collapse
3616,delay
3617,athletic
3618,confusion
3619,legislative
3620,facilitate
3621,midnight
3622,deer
3623,way
3624,undergo
3625,heritage
3626,summit
3627,sword
3628,telescope
3629,donate
3630,blade
3631,toe
3632,agriculture
3633,park
3634,enforce
3635,recruit
3636,favor
3637,dose
3638,concerning
3639,integrate
3640,rate
3641,pitch
3642,prescription
3643,retail
3644,adoption
3645,monthly
3646,deadly
3647,grave
3648,rope
3649,reliable
3650,label
3651,transaction
3652,lawn
3653,consistently
3654,mount
3655,bubble
3656,briefly
3657,absorb
3658,princess
3659,log
3660,blanket
3661,laugh
3662,kingdom
3663,anticipate
3664,bug
3665,primary
3666,dedicate
3667,nominee
3668,transformation
3669,temple
3670,sense
3671,arrival
3672,frustration
3673,changing
3674,demonstration
3675,pollution
3676,poster
3677,nail
3678,nonprofit
3679,cry
3680,guidance
3681,exhibit
3682,pen
3683,interrupt
3684,lemon
3685,bankruptcy
3686,resign
3687,dominant
3688,invasion
3689,sacred
3690,replacement
3691,portray
3692,hunt
3693,distinguish
3694,melt
3695,consensus
3696,kiss
3697,french
3698,hardware
3699,rail
3700,cold
3701,mate
3702,dry
3703,korean
3704,cabin
3705,dining
3706,liberal
3707,snake
3708,tobacco
3709,orientation
3710,trigger
3711,wherever
3712,seize
3713,abuse
3714,mess
3715,punish
3716,sexy
3717,depict
3718,input
3719,seemingly
3720,widespread
3721,competitor
3722,flip
3723,freshman
3724,donation
3725,administrative
3726,donor
3727,gradually
3728,overlook
3729,toilet
3730,pleased
3731,resemble
3732,ideology
3733,glory
3734,maximum
3735,organ
3736,skip
3737,starting
3738,brush
3739,brick
3740,gut
3741,reservation
3742,rebel
3743,disappointed
3744,oak
3745,valid
3746,instructor
3747,rescue
3748,racism
3749,pension
3750,diabetes
3751,overall
3752,cluster
3753,eager
3754,marijuana
3755,combat
3756,praise
3757,costume
3758,sixth
3759,frequent
3760,inspiration
3761,orange
3762,concrete
3763,cooking
3764,conspiracy
3765,trait
3766,van
3767,institutional
3768,garlic
3769,drinking
3770,response
3771,crystal
3772,stretch
3773,pro
3774,associate
3775,helicopter
3776,counsel
3777,equation
3778,roman
3779,sophisticated
3780,timing
3781,pope
3782,opera
3783,ethical
3784,mount
3785,indication
3786,motive
3787,porch
3788,reinforce
3789,gaze
3790,ours
3791,lap
3792,written
3793,reverse
3794,starter
3795,injure
3796,chronic
3797,continued
3798,exclusive
3799,colonel
3800,copy
3801,beef
3802,abroad
3803,thanksgiving
3804,intensity
3805,desire
3806,cave
3807,basement
3808,associated
3809,unlike
3810,fascinating
3811,interact
3812,illustration
3813,daily
3814,essence
3815,container
3816,driving
3817,stuff
3818,dynamic
3819,gym
3820,bat
3821,plead
3822,promotion
3823,uncertainty
3824,ownership
3825,officially
3826,tag
3827,documentary
3828,stem
3829,flood
3830,guilt
3831,inside
3832,alarm
3833,turkey
3834,conduct
3835,diagnose
3836,precious
3837,swallow
3838,initiate
3839,fitness
3840,restrict
3841,gulf
3842,advocate
3843,mommy
3844,unexpected
3845,shrug
3846,agricultural
3847,sacrifice
3848,spectrum
3849,dragon
3850,bacteria
3851,shore
3852,pastor
3853,cliff
3854,ship
3855,adequate
3856,rape
3857,addition
3858,tackle
3859,occupation
3860,compose
3861,slice
3862,brave
3863,military
3864,stimulus
3865,patent
3866,powder
3867,harsh
3868,chaos
3869,kit
3870,this
3871,piano
3872,surprisingly
3873,lend
3874,correctly
3875,project
3876,govern
3877,modest
3878,shared
3879,psychologist
3880,servant
3881,overwhelming
3882,elevator
3883,hispanic
3884,divine
3885,transmission
3886,butt
3887,commonly
3888,cowboy
3889,ease
3890,intent
3891,counseling
3892,gentle
3893,rhythm
3894,short
3895,complexity
3896,nonetheless
3897,effectiveness
3898,lonely
3899,statistical
3900,longtime
3901,strain
3902,firm
3903,garbage
3904,devote
3905,speed
3906,venture
3907,lock
3908,aide
3909,subtle
3910,rod
3911,top
3912,civilian
3913,t-shirt
3914,endure
3915,civilian
3916,basket
3917,strict
3918,loser
3919,franchise
3920,saint
3921,aim
3922,prosecution
3923,bite
3924,lyrics
3925,compound
3926,architecture
3927,reach
3928,destination
3929,cope
3930,province
3931,sum
3932,lecture
3933,spill
3934,genuine
3935,upstairs
3936,protest
3937,trading
3938,please
3939,acceptance
3940,revelation
3941,march
3942,indicator
3943,collaboration
3944,rhetoric
3945,tune
3946,slam
3947,inevitable
3948,monkey
3949,till
3950,protocol
3951,productive
3952,principal
3953,finish
3954,jeans
3955,companion
3956,convict
3957,boost
3958,recipient
3959,practically
3960,array
3961,persuade
3962,undermine
3963,yep
3964,ranch
3965,scout
3966,medal
3967,endless
3968,translation
3969,ski
3970,conservation
3971,habitat
3972,contractor
3973,trailer
3974,pitcher
3975,towel
3976,goodbye
3977,harm
3978,bonus
3979,dramatically
3980,genre
3981,caller
3982,exit
3983,hook
3984,behavioral
3985,omit
3986,pit
3987,volunteer
3988,boring
3989,hook
3990,suspend
3991,cholesterol
3992,closed
3993,advertisement
3994,bombing
3995,consult
3996,encounter
3997,expertise
3998,creator
3999,peaceful
4000,upset
4001,provided
4002,tablet
4003,blow
4004,ruling
4005,launch
4006,warming
4007,equity
4008,rational
4009,classic
4010,utilize
4011,pine
4012,past
4013,bitter
4014,guard
4015,surgeon
4016,affordable
4017,tennis
4018,artistic
4019,download
4020,suffering
4021,accuracy
4022,literacy
4023,treasury
4024,talented
4025,crown
4026,importantly
4027,bare
4028,invisible
4029,sergeant
4030,regulatory
4031,thumb
4032,colony
4033,walking
4034,accessible
4035,damn
4036,integration
4037,spouse
4038,award
4039,excitement
4040,residence
4041,bold
4042,adolescent
4043,greek
4044,doll
4045,oxygen
4046,finance
4047,gravity
4048,functional
4049,palace
4050,echo
4051,cotton
4052,rescue
4053,estimated
4054,program
4055,endorse
4056,lawmaker
4057,determination
4058,flash
4059,simultaneously
4060,dynamics
4061,shell
4062,hint
4063,frame
4064,administer
4065,rush
4066,christianity
4067,distract
4068,ban
4069,alleged
4070,statute
4071,value
4072,biology
4073,republican
4074,follower
4075,nasty
4076,evident
4077,prior
4078,confess
4079,eligible
4080,picture
4081,rock
4082,trap
4083,consent
4084,pump
4085,down
4086,bloody
4087,hate
4088,occasional
4089,trunk
4090,prohibit
4091,sustainable
4092,belly
4093,banking
4094,asshole
4095,journalism
4096,flash
4097,average
4098,obstacle
4099,ridge
4100,heal
4101,bastard
4102,cheer
4103,apology
4104,tumor
4105,architect
4106,wrist
4107,harbor
4108,handsome
4109,bullshit
4110,realm
4111,bet
4112,twist
4113,inspector
4114,surveillance
4115,trauma
4116,rebuild
4117,romance
4118,gross
4119,deadline
4120,age
4121,classical
4122,convey
4123,compensation
4124,insect
4125,debate
4126,output
4127,parliament
4128,suite
4129,opposed
4130,fold
4131,separation
4132,demon
4133,eating
4134,structural
4135,besides
4136,equality
4137,logical
4138,probability
4139,await
4140,generous
4141,acquisition
4142,custody
4143,compromise
4144,greet
4145,trash
4146,judicial
4147,earthquake
4148,insane
4149,realistic
4150,wake
4151,assemble
4152,necessity
4153,horn
4154,parameter
4155,grip
4156,modify
4157,signal
4158,sponsor
4159,mathematics
4160,hallway
4161,african-american
4162,any
4163,liability
4164,crawl
4165,theoretical
4166,condemn
4167,fluid
4168,homeland
4169,technological
4170,exam
4171,anchor
4172,spell
4173,considering
4174,conscious
4175,vitamin
4176,known
4177,hostage
4178,reserve
4179,actively
4180,mill
4181,teenage
4182,respect
4183,retrieve
4184,processing
4185,sentiment
4186,offering
4187,oral
4188,convinced
4189,photography
4190,coin
4191,laptop
4192,bounce
4193,goodness
4194,affiliation
4195,punch
4196,burst
4197,bee
4198,blessing
4199,command
4200,continuous
4201,above
4202,landing
4203,repair
4204,worry
4205,ritual
4206,bath
4207,sneak
4208,historically
4209,mud
4210,scan
4211,reminder
4212,hers
4213,slavery
4214,supervisor
4215,quantity
4216,olympics
4217,pleasant
4218,slope
4219,skirt
4220,outlet
4221,curtain
4222,declaration
4223,seal
4224,immune
4225,switch
4226,calendar
4227,paragraph
4228,identical
4229,credit
4230,regret
4231,quest
4232,flat
4233,entrepreneur
4234,specify
4235,stumble
4236,clay
4237,noon
4238,last
4239,strip
4240,elbow
4241,outstanding
4242,uh-huh
4243,unity
4244,rent
4245,manipulate
4246,airplane
4247,portfolio
4248,mysterious
4249,delicious
4250,northwest
4251,sweat
4252,profound
4253,sacrifice
4254,treasure
4255,flour
4256,lightly
4257,rally
4258,default
4259,alongside
4260,plain
4261,hug
4262,isolate
4263,exploration
4264,secure
4265,limb
4266,enroll
4267,outer
4268,charter
4269,southwest
4270,escape
4271,arena
4272,witch
4273,upcoming
4274,forty
4275,someday
4276,unite
4277,courtesy
4278,statue
4279,fist
4280,castle
4281,precise
4282,squad
4283,cruise
4284,joke
4285,legally
4286,embassy
4287,patience
4288,medium
4289,thereby
4290,bush
4291,purple
4292,peer
4293,electrical
4294,outfit
4295,cage
4296,retired
4297,shark
4298,lobby
4299,sidewalk
4300,near
4301,runner
4302,ankle
4303,attraction
4304,fool
4305,artificial
4306,mercy
4307,indigenous
4308,slap
4309,tune
4310,dancer
4311,candle
4312,sexually
4313,needle
4314,hidden
4315,chronicle
4316,suburb
4317,toxic
4318,underlying
4319,sensor
4320,deploy
4321,debut
4322,star
4323,magnitude
4324,suspicion
4325,pro
4326,colonial
4327,icon
4328,grandma
4329,info
4330,jurisdiction
4331,iranian
4332,senior
4333,parade
4334,seal
4335,archive
4336,gifted
4337,rage
4338,outdoor
4339,ending
4340,loop
4341,altogether
4342,chase
4343,burning
4344,reception
4345,local
4346,crush
4347,premise
4348,deem
4349,automatic
4350,whale
4351,mechanical
4352,credibility
4353,drain
4354,drift
4355,loyalty
4356,promising
4357,tide
4358,traveler
4359,grief
4360,metaphor
4361,skull
4362,pursuit
4363,therapist
4364,backup
4365,workplace
4366,instinct
4367,export
4368,bleed
4369,shock
4370,seventh
4371,fixed
4372,broadcast
4373,disclose
4374,execution
4375,pal
4376,chuckle
4377,pump
4378,density
4379,correction
4380,representative
4381,jump
4382,repair
4383,kinda
4384,relieve
4385,teammate
4386,brush
4387,corridor
4388,russian
4389,enthusiasm
4390,extended
4391,root
4392,alright
4393,panic
4394,pad
4395,bid
4396,mild
4397,productivity
4398,guess
4399,tuck
4400,defeat
4401,railroad
4402,frozen
4403,minimize
4404,amid
4405,inspection
4406,cab
4407,expected
4408,nonsense
4409,leap
4410,draft
4411,rider
4412,theology
4413,terrific
4414,accent
4415,invitation
4416,reply
4417,israeli
4418,liar
4419,oversee
4420,awkward
4421,registration
4422,suburban
4423,handle
4424,momentum
4425,instantly
4426,clerk
4427,chin
4428,hockey
4429,laser
4430,proposition
4431,rob
4432,beam
4433,ancestor
4434,creativity
4435,verse
4436,casual
4437,objection
4438,clever
4439,given
4440,shove
4441,revolutionary
4442,carbohydrate
4443,steam
4444,reportedly
4445,glance
4446,forehead
4447,resume
4448,slide
4449,sheep
4450,good
4451,carpet
4452,cloth
4453,interior
4454,full-time
4455,running
4456,questionnaire
4457,compromise
4458,departure
4459,behalf
4460,graph
4461,diplomatic
4462,thief
4463,herb
4464,subsidy
4465,cast
4466,fossil
4467,patrol
4468,pulse
4469,mechanic
4470,cattle
4471,screening
4472,continuing
4473,electoral
4474,supposedly
4475,dignity
4476,prophet
4477,commentary
4478,sort
4479,spread
4480,serving
4481,safely
4482,homework
4483,allegedly
4484,android
4485,alpha
4486,insert
4487,mortality
4488,contend
4489,elephant
4490,solely
4491,hurt
4492,continent
4493,attribute
4494,ecosystem
4495,leave
4496,nearby
4497,olive
4498,syndrome
4499,minimum
4500,catch
4501,abstract
4502,accusation
4503,coming
4504,sock
4505,pickup
4506,shuttle
4507,improved
4508,calculation
4509,innovative
4510,demographic
4511,accommodate
4512,jaw
4513,unfair
4514,tragic
4515,comprise
4516,faster
4517,nutrition
4518,mentor
4519,stance
4520,rabbit
4521,pause
4522,dot
4523,contributor
4524,cooperate
4525,disk
4526,hesitate
4527,regard
4528,offend
4529,exploit
4530,compel
4531,likelihood
4532,sibling
4533,southeast
4534,gorgeous
4535,undertake
4536,painter
4537,residential
4538,counterpart
4539,believer
4540,lamp
4541,inmate
4542,thoroughly
4543,trace
4544,freak
4545,filter
4546,pillow
4547,orbit
4548,purse
4549,likewise
4550,cease
4551,passing
4552,feed
4553,vanish
4554,instructional
4555,clause
4556,mentally
4557,model
4558,left
4559,pond
4560,neutral
4561,shield
4562,popularity
4563,cartoon
4564,authorize
4565,combined
4566,exhibit
4567,sink
4568,graphic
4569,darling
4570,traditionally
4571,vendor
4572,poorly
4573,conceive
4574,opt
4575,descend
4576,firmly
4577,beloved
4578,openly
4579,gathering
4580,alien
4581,stem
4582,fever
4583,preach
4584,interfere
4585,arrow
4586,required
4587,capitalism
4588,kick
4589,fork
4590,survey
4591,meantime
4592,presumably
4593,position
4594,racist
4595,stay
4596,illusion
4597,removal
4598,anxious
4599,arab
4600,organism
4601,awake
4602,sculpture
4603,spare
4604,marine
4605,harassment
4606,drum
4607,diminish
4608,helmet
4609,level
4610,certificate
4611,tribal
4612,bad
4613,mmm
4614,sadly
4615,cart
4616,spy
4617,sunlight
4618,delete
4619,rookie
4620,clarify
4621,hunger
4622,practitioner
4623,performer
4624,protective
4625,jar
4626,programming
4627,dawn
4628,salmon
4629,census
4630,pick
4631,accomplishment
4632,conscience
4633,fortunately
4634,minimal
4635,molecule
4636,supportive
4637,sole
4638,threshold
4639,inventory
4640,comply
4641,monetary
4642,transport
4643,shy
4644,drill
4645,influential
4646,verbal
4647,reward
4648,ranking
4649,gram
4650,grasp
4651,puzzle
4652,envelope
4653,heat
4654,classify
4655,enact
4656,unfortunate
4657,scatter
4658,cure
4659,time
4660,dear
4661,slice
4662,readily
4663,damn
4664,discount
4665,addiction
4666,emerging
4667,worthy
4668,marker
4669,juror
4670,mention
4671,blend
4672,businessman
4673,premium
4674,retailer
4675,charge
4676,liver
4677,pirate
4678,protester
4679,outlook
4680,elder
4681,gallon
4682,additionally
4683,ignorance
4684,chemistry
4685,sometime
4686,weed
4687,babe
4688,fraction
4689,cook
4690,conversion
4691,object
4692,tolerate
4693,trail
4694,drown
4695,merit
4696,citizenship
4697,coordinator
4698,validity
4699,european
4700,lightning
4701,turtle
4702,ambition
4703,worldwide
4704,sail
4705,added
4706,delicate
4707,comic
4708,soap
4709,hostile
4710,instruct
4711,shortage
4712,useless
4713,booth
4714,diary
4715,gasp
4716,suspicious
4717,transit
4718,excite
4719,publishing
4720,curiosity
4721,grid
4722,rolling
4723,bow
4724,cruel
4725,disclosure
4726,rival
4727,denial
4728,secular
4729,flood
4730,speculation
4731,sympathy
4732,tender
4733,inappropriate
4734,o'clock
4735,sodium
4736,divorce
4737,spring
4738,bang
4739,challenging
4740,ipad
4741,sack
4742,barn
4743,reliability
4744,hormone
4745,footage
4746,carve
4747,alley
4748,ease
4749,coastal
4750,cafe
4751,partial
4752,flexible
4753,experienced
4754,mixed
4755,vampire
4756,optimistic
4757,dessert
4758,well-being
4759,northeast
4760,specialize
4761,fleet
4762,availability
4763,compliance
4764,pin
4765,pork
4766,astronomer
4767,like
4768,forbid
4769,installation
4770,boil
4771,nest
4772,exclusively
4773,goat
4774,shallow
4775,equip
4776,equivalent
4777,betray
4778,willingness
4779,banker
4780,interval
4781,gasoline
4782,encouraging
4783,rain
4784,exchange
4785,bucket
4786,theft
4787,laundry
4788,constraint
4789,dying
4790,hatred
4791,jewelry
4792,migration
4793,invention
4794,loving
4795,revenge
4796,unprecedented
4797,outline
4798,sheer
4799,halloween
4800,sweetheart
4801,spit
4802,lazy
4803,intimate
4804,defender
4805,technically
4806,battle
4807,cure
4808,peanut
4809,unclear
4810,piss
4811,workout
4812,wilderness
4813,compelling
4814,eleven
4815,arm
4816,backyard
4817,alike
4818,partially
4819,transport
4820,guardian
4821,passionate
4822,scripture
4823,midst
4824,ideological
4825,apart
4826,thrive
4827,sensitivity
4828,trigger
4829,emotionally
4830,ignorant
4831,explicitly
4832,unfold
4833,headache
4834,eternal
4835,chop
4836,ego
4837,spectacular
4838,deposit
4839,verdict
4840,regard
4841,accountability
4842,nominate
4843,civic
4844,uncover
4845,critique
4846,aisle
4847,tropical
4848,annually
4849,eighth
4850,blast
4851,corrupt
4852,compassion
4853,scratch
4854,verify
4855,offender
4856,inherit
4857,strive
4858,downtown
4859,chunk
4860,appreciation
4861,canvas
4862,punch
4863,short-term
4864,proceedings
4865,magical
4866,loyal
4867,aah
4868,desperately
4869,throne
4870,brutal
4871,spite
4872,propaganda
4873,irony
4874,soda
4875,projection
4876,dutch
4877,parental
4878,disabled
4879,collector
4880,re-election
4881,disappointment
4882,comic
4883,aid
4884,happily
4885,steep
4886,fancy
4887,counter
4888,listener
4889,whip
4890,public
4891,drawer
4892,heck
4893,developmental
4894,ideal
4895,ash
4896,socially
4897,courtroom
4898,stamp
4899,solo
4900,trainer
4901,induce
4902,anytime
4903,morality
4904,syrian
4905,pipeline
4906,bride
4907,instant
4908,spark
4909,doorway
4910,interface
4911,learner
4912,casino
4913,placement
4914,cord
4915,fan
4916,conception
4917,flexibility
4918,thou
4919,tax
4920,elegant
4921,flaw
4922,locker
4923,peel
4924,campaign
4925,twist
4926,spell
4927,objective
4928,plea
4929,goddamn
4930,import
4931,stack
4932,gosh
4933,philosophical
4934,junk
4935,bicycle
4936,vocal
4937,chew
4938,destiny
4939,ambitious
4940,unbelievable
4941,vice
4942,halfway
4943,jealous
4944,sphere
4945,invade
4946,sponsor
4947,excessive
4948,countless
4949,sunset
4950,interior
4951,accounting
4952,faithful
4953,freely
4954,extract
4955,adaptation
4956,ray
4957,depressed
4958,emperor
4959,wagon
4960,columnist
4961,jungle
4962,embarrassed
4963,trillion
4964,breeze
4965,blame
4966,foster
4967,venue
4968,discourage
4969,disturbing
4970,riot
4971,isolation
4972,explicit
4973,commodity
4974,attendance
4975,tab
4976,consequently
4977,dough
4978,novel
4979,streak
4980,silk
4981,similarity
4982,steak
4983,dancing
4984,petition
4985,viable
4986,breathing
4987,mm
4988,balloon
4989,monument
4990,try
4991,cue
4992,sleeve
4993,toll
4994,reluctant
4995,warrant
4996,stiff
4997,tattoo
4998,softly
4999,sudden
5000,graduation
5001,japanese
5002,deliberately
5003,consecutive
5004,upgrade
5005,associate
5006,accurately
5007,strictly
5008,leak
5009,casualty
5010,risky
5011,banana
5012,blank
5013,beneficial
5014,shrink
5015,chat
5016,rack
5017,rude
5018,usage
5019,testament
5020,browser
5021,processor
5022,thigh
5023,perceived
5024,yield
5025,talking
5026,merchant
5027,quantum
5028,eyebrow
5029,surrounding
5030,vocabulary
5031,ashamed
5032,eh
5033,radar
5034,stunning
5035,murderer
5036,burger
5037,collar
5038,align
5039,textbook
5040,sensation
5041,afterward
5042,charm
5043,sunny
5044,hammer
5045,keyboard
5046,persist
5047,wheat
5048,predator
5049,bizarre
